Date,Entry time,SPX price at entry,VIX at entry,Short strike,Long strike,Credit received,Contracts,Exit time,Exit price,PnL per contract,Total PnL,Win/Loss,Exit reason,Notes,Expiry,DTE,Short symbol,Long symbol
2016-06-22,09:45:00,2092.89,18.37,2025.0,2000.0,1.98,12,16:00:00,0.0,198.0,2376.0,Win,expiry,distance safe,2016-06-24,2,SPXW  160624P02025000,SPXW  160624P02000000
2016-06-27,09:45:00,2011.3,24.77,1940.0,1915.0,2.02,12,13:27:00,1.01,101.0,1212.0,Win,profit_target,mark<=target,2016-06-29,2,SPXW  160629P01940000,SPXW  160629P01915000
2016-06-29,09:45:00,2052.78,17.19,2015.0,1990.0,2.02,12,11:30:00,1.01,101.0,1212.0,Win,profit_target,mark<=target,2016-07-01,2,SPXW  160701P02015000,SPXW  160701P01990000
2016-09-12,09:45:00,2126.3,17.76,2085.0,2060.0,1.95,12,10:22:00,0.97,98.0,1176.0,Win,profit_target,mark<=target,2016-09-14,2,SPXW  160914P02085000,SPXW  160914P02060000
2016-09-21,09:45:00,2148.27,14.67,2105.0,2080.0,2.1,12,14:11:00,1.05,105.0,1260.0,Win,profit_target,mark<=target,2016-09-23,2,SPXW  160923P02105000,SPXW  160923P02080000
2016-09-26,09:45:00,2150.0,14.44,2110.0,2085.0,1.67,12,15:45:00,1.67,0.0,0.0,Win,eod_force_close,within 50pt,2016-09-28,2,SPXW  160928P02110000,SPXW  160928P02085000
2016-11-02,09:45:00,2108.47,18.93,2070.0,2045.0,1.6,12,15:45:00,1.38,22.0,264.0,Win,eod_force_close,within 50pt,2016-11-04,2,SPXW  161104P02070000,SPXW  161104P02045000
2016-11-07,09:45:00,2118.08,18.93,2035.0,2010.0,2.0,12,16:00:00,0.0,200.0,2400.0,Win,expiry,distance safe,2016-11-09,2,SPXW  161109P02035000,SPXW  161109P02010000
2016-11-09,09:45:00,2132.88,15.73,2085.0,2060.0,1.95,12,11:15:00,0.97,98.0,1176.0,Win,profit_target,mark<=target,2016-11-11,2,SPXW  161111P02085000,SPXW  161111P02060000
2018-02-05,09:45:00,2739.61,18.87,2680.0,2655.0,2.0,12,10:11:00,1.0,100.0,1200.0,Win,profit_target,mark<=target,2018-02-07,2,SPXW  180207P02680000,SPXW  180207P02655000
2018-02-07,09:45:00,2700.67,24.59,2620.0,2595.0,2.1,12,10:51:00,1.05,105.0,1260.0,Win,profit_target,mark<=target,2018-02-09,2,SPXW  180209P02620000,SPXW  180209P02595000
2018-02-12,09:45:00,2653.67,26.58,2565.0,2540.0,2.1,12,13:53:00,1.05,105.0,1260.0,Win,profit_target,mark<=target,2018-02-14,2,SPXW  180214P02565000,SPXW  180214P02540000
2018-02-14,09:45:00,2654.11,20.95,2580.0,2555.0,2.0,12,10:21:00,1.0,100.0,1200.0,Win,profit_target,mark<=target,2018-02-16,2,SPXW  180216P02580000,SPXW  180216P02555000
2018-02-28,09:45:00,2752.35,17.75,2700.0,2675.0,1.5,12,11:49:00,3.02,-152.0,-1824.0,Loss,stop_loss,mark>=stop,2018-03-02,2,SPXW  180302P02700000,SPXW  180302P02675000
2018-03-05,09:45:00,2682.9,20.11,2615.0,2590.0,1.75,12,10:44:00,0.88,87.0,1044.0,Win,profit_target,mark<=target,2018-03-07,2,SPXW  180307P02615000,SPXW  180307P02590000
2018-03-07,09:45:00,2713.57,19.07,2660.0,2635.0,2.05,12,15:07:00,1.02,103.0,1236.0,Win,profit_target,mark<=target,2018-03-09,2,SPXW  180309P02660000,SPXW  180309P02635000
2018-03-21,09:45:00,2714.53,18.02,2665.0,2640.0,2.1,12,14:01:00,1.05,105.0,1260.0,Win,profit_target,mark<=target,2018-03-23,2,SPXW  180323P02665000,SPXW  180323P02640000
2018-03-26,09:45:00,2634.64,21.82,2565.0,2540.0,2.05,12,11:17:00,4.1,-205.0,-2460.0,Loss,stop_loss,mark>=stop,2018-03-28,2,SPXW  180328P02565000,SPXW  180328P02540000
2018-03-28,09:45:00,2606.97,23.09,2540.0,2515.0,1.62,12,10:48:00,3.35,-173.0,-2076.0,Loss,stop_loss,mark>=stop,2018-03-29,1,SPXW  180329P02540000,SPXW  180329P02515000
2018-04-02,09:45:00,2633.79,20.6,2565.0,2540.0,1.52,12,10:13:00,3.05,-153.0,-1836.0,Loss,stop_loss,mark>=stop,2018-04-04,2,SPXW  180404P02565000,SPXW  180404P02540000
2018-04-04,09:45:00,2586.21,22.82,2500.0,2475.0,2.12,12,11:32:00,1.06,106.0,1272.0,Win,profit_target,mark<=target,2018-04-06,2,SPXW  180406P02500000,SPXW  180406P02475000
2018-04-09,09:45:00,2617.11,21.59,2545.0,2520.0,2.1,12,10:46:00,1.05,105.0,1260.0,Win,profit_target,mark<=target,2018-04-11,2,SPXW  180411P02545000,SPXW  180411P02520000
2018-04-11,09:45:00,2647.91,20.35,2580.0,2555.0,1.5,12,16:00:00,0.0,150.0,1800.0,Win,expiry,distance safe,2018-04-13,2,SPXW  180413P02580000,SPXW  180413P02555000
2018-04-16,09:45:00,2669.23,16.97,2620.0,2595.0,1.7,12,12:51:00,0.85,85.0,1020.0,Win,profit_target,mark<=target,2018-04-18,2,SPXW  180418P02620000,SPXW  180418P02595000
2018-04-23,09:45:00,2673.41,16.93,2625.0,2600.0,1.7,12,11:21:00,0.85,85.0,1020.0,Win,profit_target,mark<=target,2018-04-25,2,SPXW  180425P02625000,SPXW  180425P02600000
2018-04-25,09:45:00,2613.93,19.81,2550.0,2525.0,2.03,12,10:33:00,1.01,102.0,1224.0,Win,profit_target,mark<=target,2018-04-27,2,SPXW  180427P02550000,SPXW  180427P02525000
2018-05-02,09:45:00,2649.98,15.38,2600.0,2575.0,1.5,12,14:04:00,0.75,75.0,900.0,Win,profit_target,mark<=target,2018-05-04,2,SPXW  180504P02600000,SPXW  180504P02575000
2018-10-10,09:45:00,2863.35,17.2,2810.0,2785.0,1.85,12,11:05:00,3.8,-195.0,-2340.0,Loss,stop_loss,mark>=stop,2018-10-12,2,SPXW  181012P02810000,SPXW  181012P02785000
2018-10-15,09:45:00,2760.47,21.85,2675.0,2650.0,1.95,12,11:29:00,0.97,98.0,1176.0,Win,profit_target,mark<=target,2018-10-17,2,SPXW  181017P02675000,SPXW  181017P02650000
2018-10-17,09:45:00,2805.07,17.73,2750.0,2725.0,1.73,12,10:43:00,3.75,-202.0,-2424.0,Loss,stop_loss,mark>=stop,2018-10-19,2,SPXW  181019P02750000,SPXW  181019P02725000
2018-10-22,09:45:00,2767.4,19.54,2705.0,2680.0,2.12,12,16:00:00,0.0,212.0,2544.0,Win,expiry,distance safe,2018-10-24,2,SPXW  181024P02705000,SPXW  181024P02680000
2018-10-24,09:45:00,2738.3,20.43,2665.0,2640.0,1.9,12,11:05:00,3.9,-200.0,-2400.0,Loss,stop_loss,mark>=stop,2018-10-26,2,SPXW  181026P02665000,SPXW  181026P02640000
2018-10-29,09:45:00,2692.54,22.88,2610.0,2585.0,2.0,12,14:17:00,4.15,-215.0,-2580.0,Loss,stop_loss,mark>=stop,2018-10-31,2,SPXW  181031P02610000,SPXW  181031P02585000
2018-10-31,09:45:00,2716.75,21.87,2640.0,2615.0,2.05,12,13:46:00,1.02,103.0,1236.0,Win,profit_target,mark<=target,2018-11-02,2,SPXW  181102P02640000,SPXW  181102P02615000
2018-11-05,09:45:00,2727.09,20.03,2645.0,2620.0,1.93,12,16:00:00,0.0,193.0,2316.0,Win,expiry,distance safe,2018-11-07,2,SPXW  181107P02645000,SPXW  181107P02620000
2018-11-07,09:45:00,2783.51,17.63,2730.0,2705.0,2.02,12,12:09:00,1.01,101.0,1212.0,Win,profit_target,mark<=target,2018-11-09,2,SPXW  181109P02730000,SPXW  181109P02705000
2018-11-12,09:45:00,2761.84,18.26,2710.0,2685.0,2.02,12,11:15:00,4.05,-203.0,-2436.0,Loss,stop_loss,mark>=stop,2018-11-14,2,SPXW  181114P02710000,SPXW  181114P02685000
2018-11-14,09:45:00,2745.19,19.47,2685.0,2660.0,2.05,12,11:02:00,4.1,-205.0,-2460.0,Loss,stop_loss,mark>=stop,2018-11-16,2,SPXW  181116P02685000,SPXW  181116P02660000
2018-11-19,09:45:00,2730.68,18.86,2675.0,2650.0,1.97,12,10:34:00,4.0,-203.0,-2436.0,Loss,stop_loss,mark>=stop,2018-11-21,2,SPXW  181121P02675000,SPXW  181121P02650000
2018-11-28,09:45:00,2693.49,18.88,2640.0,2615.0,2.05,12,12:06:00,1.02,103.0,1236.0,Win,profit_target,mark<=target,2018-11-30,2,SPXW  181130P02640000,SPXW  181130P02615000
2018-12-10,09:45:00,2636.25,23.28,2550.0,2525.0,2.0,12,10:41:00,4.0,-200.0,-2400.0,Loss,stop_loss,mark>=stop,2018-12-12,2,SPXW  181212P02550000,SPXW  181212P02525000
2018-12-12,09:45:00,2667.42,21.18,2595.0,2570.0,2.1,12,12:51:00,1.05,105.0,1260.0,Win,profit_target,mark<=target,2018-12-14,2,SPXW  181214P02595000,SPXW  181214P02570000
2018-12-17,09:45:00,2571.34,23.67,2490.0,2465.0,2.08,12,10:57:00,1.04,104.0,1248.0,Win,profit_target,mark<=target,2018-12-19,2,SPXW  181219P02490000,SPXW  181219P02465000
2018-12-19,09:45:00,2554.7,25.86,2465.0,2440.0,2.1,12,12:02:00,1.05,105.0,1260.0,Win,profit_target,mark<=target,2018-12-21,2,SPXW  181221P02465000,SPXW  181221P02440000
2018-12-31,09:45:00,2503.98,26.35,2440.0,2415.0,2.05,12,16:00:00,0.0,205.0,2460.0,Win,expiry,distance safe,2019-01-02,2,SPXW  190102P02440000,SPXW  190102P02415000
2019-01-02,09:45:00,2476.93,27.11,2385.0,2360.0,2.07,12,10:58:00,1.03,104.0,1248.0,Win,profit_target,mark<=target,2019-01-04,2,SPXW  190104P02385000,SPXW  190104P02360000
2019-01-07,09:45:00,2534.77,21.9,2470.0,2445.0,1.97,12,11:53:00,0.98,99.0,1188.0,Win,profit_target,mark<=target,2019-01-09,2,SPXW  190109P02470000,SPXW  190109P02445000
2019-01-09,09:45:00,2582.29,20.18,2515.0,2490.0,1.53,12,14:10:00,0.77,76.0,912.0,Win,profit_target,mark<=target,2019-01-11,2,SPXW  190111P02515000,SPXW  190111P02490000
2019-01-14,09:45:00,2578.58,19.58,2530.0,2505.0,1.88,12,13:21:00,0.94,94.0,1128.0,Win,profit_target,mark<=target,2019-01-16,2,SPXW  190116P02530000,SPXW  190116P02505000
2019-01-28,09:45:00,2635.74,19.78,2580.0,2555.0,1.88,12,14:51:00,0.94,94.0,1128.0,Win,profit_target,mark<=target,2019-01-30,2,SPXW  190130P02580000,SPXW  190130P02555000
2019-01-30,09:45:00,2654.15,18.97,2595.0,2570.0,2.1,12,14:01:00,1.05,105.0,1260.0,Win,profit_target,mark<=target,2019-02-01,2,SPXW  190201P02595000,SPXW  190201P02570000
2019-03-25,09:45:00,2798.09,17.09,2745.0,2720.0,2.05,12,11:29:00,1.02,103.0,1236.0,Win,profit_target,mark<=target,2019-03-27,2,SPXW  190327P02745000,SPXW  190327P02720000
2019-05-06,09:45:00,2910.46,16.94,2855.0,2830.0,2.03,12,11:21:00,1.01,102.0,1224.0,Win,profit_target,mark<=target,2019-05-08,2,SPXW  190508P02855000,SPXW  190508P02830000
2019-05-08,09:45:00,2880.89,20.21,2795.0,2770.0,2.05,12,11:01:00,1.02,103.0,1236.0,Win,profit_target,mark<=target,2019-05-10,2,SPXW  190510P02795000,SPXW  190510P02770000
2019-05-13,09:45:00,2833.04,19.48,2750.0,2725.0,1.95,12,13:22:00,3.9,-195.0,-2340.0,Loss,stop_loss,mark>=stop,2019-05-15,2,SPXW  190515P02750000,SPXW  190515P02725000
2019-05-15,09:45:00,2820.44,18.81,2755.0,2730.0,1.95,12,10:15:00,0.97,98.0,1176.0,Win,profit_target,mark<=target,2019-05-17,2,SPXW  190517P02755000,SPXW  190517P02730000
2019-05-20,09:45:00,2838.01,17.28,2775.0,2750.0,2.03,12,10:35:00,1.01,102.0,1224.0,Win,profit_target,mark<=target,2019-05-22,2,SPXW  190522P02775000,SPXW  190522P02750000
2019-05-29,09:45:00,2784.24,18.37,2725.0,2700.0,2.15,12,16:00:00,0.0,215.0,2580.0,Win,expiry,distance safe,2019-05-31,2,SPXW  190531P02725000,SPXW  190531P02700000
2019-06-03,09:45:00,2756.29,18.52,2700.0,2675.0,2.17,12,15:12:00,4.45,-228.0,-2736.0,Loss,stop_loss,mark>=stop,2019-06-05,2,SPXW  190605P02700000,SPXW  190605P02675000
2019-06-05,09:45:00,2812.57,17.12,2755.0,2730.0,1.9,12,13:08:00,0.95,95.0,1140.0,Win,profit_target,mark<=target,2019-06-07,2,SPXW  190607P02755000,SPXW  190607P02730000
2019-06-19,09:45:00,2917.82,15.24,2860.0,2835.0,2.08,12,14:05:00,1.04,104.0,1248.0,Win,profit_target,mark<=target,2019-06-21,2,SPXW  190621P02860000,SPXW  190621P02835000
2019-07-31,09:45:00,3015.58,14.2,2955.0,2930.0,1.93,12,14:50:00,4.4,-247.0,-2964.0,Loss,stop_loss,mark>=stop,2019-08-02,2,SPXW  190802P02955000,SPXW  190802P02930000
2019-08-05,09:45:00,2875.97,21.5,2790.0,2765.0,2.0,12,14:24:00,4.05,-205.0,-2460.0,Loss,stop_loss,mark>=stop,2019-08-07,2,SPXW  190807P02790000,SPXW  190807P02765000
2019-08-07,09:45:00,2836.97,23.12,2730.0,2705.0,2.05,12,10:33:00,1.02,103.0,1236.0,Win,profit_target,mark<=target,2019-08-09,2,SPXW  190809P02730000,SPXW  190809P02705000
2019-08-12,09:45:00,2895.37,20.11,2820.0,2795.0,1.92,12,16:00:00,0.0,192.0,2304.0,Win,expiry,distance safe,2019-08-14,2,SPXW  190814P02820000,SPXW  190814P02795000
2019-08-14,09:45:00,2881.22,20.51,2800.0,2775.0,2.02,12,11:17:00,4.1,-208.0,-2496.0,Loss,stop_loss,mark>=stop,2019-08-16,2,SPXW  190816P02800000,SPXW  190816P02775000
2019-08-19,09:45:00,2922.42,17.23,2865.0,2840.0,1.68,12,13:19:00,0.84,84.0,1008.0,Win,profit_target,mark<=target,2019-08-21,2,SPXW  190821P02865000,SPXW  190821P02840000
2019-08-21,09:45:00,2927.93,15.58,2870.0,2845.0,1.88,12,16:00:00,0.0,188.0,2256.0,Win,expiry,distance safe,2019-08-23,2,SPXW  190823P02870000,SPXW  190823P02845000
2019-08-26,09:45:00,2867.37,19.87,2785.0,2760.0,2.02,12,12:25:00,1.01,101.0,1212.0,Win,profit_target,mark<=target,2019-08-28,2,SPXW  190828P02785000,SPXW  190828P02760000
2019-08-28,09:45:00,2862.33,21.25,2785.0,2760.0,2.05,12,10:43:00,1.02,103.0,1236.0,Win,profit_target,mark<=target,2019-08-30,2,SPXW  190830P02785000,SPXW  190830P02760000
2019-09-04,09:45:00,2929.45,18.22,2875.0,2850.0,2.02,12,15:32:00,1.01,101.0,1212.0,Win,profit_target,mark<=target,2019-09-06,2,SPXW  190906P02875000,SPXW  190906P02850000
2019-09-18,09:45:00,2996.9,14.73,2940.0,2915.0,1.58,12,15:35:00,0.79,79.0,948.0,Win,profit_target,mark<=target,2019-09-20,2,SPXW  190920P02940000,SPXW  190920P02915000
2019-09-25,09:45:00,2968.65,17.12,2915.0,2890.0,1.73,12,13:54:00,0.86,87.0,1044.0,Win,profit_target,mark<=target,2019-09-27,2,SPXW  190927P02915000,SPXW  190927P02890000
2019-09-30,09:45:00,2970.55,16.92,2915.0,2890.0,1.5,12,11:27:00,0.75,75.0,900.0,Win,profit_target,mark<=target,2019-10-02,2,SPXW  191002P02915000,SPXW  191002P02890000
2019-10-02,09:45:00,2908.45,20.11,2835.0,2810.0,1.77,12,12:41:00,3.6,-183.0,-2196.0,Loss,stop_loss,mark>=stop,2019-10-04,2,SPXW  191004P02835000,SPXW  191004P02810000
2019-10-07,09:45:00,2938.84,18.16,2885.0,2860.0,2.08,12,11:02:00,1.04,104.0,1248.0,Win,profit_target,mark<=target,2019-10-09,2,SPXW  191009P02885000,SPXW  191009P02860000
2019-10-09,09:45:00,2913.8,19.55,2840.0,2815.0,1.93,12,13:01:00,0.96,97.0,1164.0,Win,profit_target,mark<=target,2019-10-11,2,SPXW  191011P02840000,SPXW  191011P02815000
2019-10-14,09:45:00,2964.23,15.76,2910.0,2885.0,1.6,12,11:38:00,0.8,80.0,960.0,Win,profit_target,mark<=target,2019-10-16,2,SPXW  191016P02910000,SPXW  191016P02885000
2020-01-27,09:45:00,3249.26,17.8,3170.0,3145.0,1.98,12,16:00:00,0.0,198.0,2376.0,Win,expiry,distance safe,2020-01-29,2,SPXW  200129P03170000,SPXW  200129P03145000
2020-01-29,09:45:00,3288.44,15.58,3225.0,3200.0,1.55,12,16:00:00,0.0,155.0,1860.0,Win,expiry,distance safe,2020-01-31,2,SPXW  200131P03225000,SPXW  200131P03200000
2020-02-03,09:45:00,3250.53,17.8,3170.0,3145.0,1.95,12,16:00:00,0.0,195.0,2340.0,Win,expiry,distance safe,2020-02-05,2,SPXW  200205P03170000,SPXW  200205P03145000
2020-02-24,09:45:00,3254.15,22.47,3160.0,3135.0,1.9,12,13:04:00,3.9,-200.0,-2400.0,Loss,stop_loss,mark>=stop,2020-02-26,2,SPXW  200226P03160000,SPXW  200226P03135000
2020-02-26,09:45:00,3171.96,24.96,3055.0,3030.0,1.95,12,12:18:00,3.9,-195.0,-2340.0,Loss,stop_loss,mark>=stop,2020-02-28,2,SPXW  200228P03055000,SPXW  200228P03030000
2020-05-18,09:45:00,2939.08,28.58,2850.0,2825.0,1.98,12,13:31:00,0.99,99.0,1188.0,Win,profit_target,mark<=target,2020-05-20,2,SPXW  200520P02850000,SPXW  200520P02825000
2020-05-20,09:45:00,2964.65,28.23,2885.0,2860.0,2.02,12,16:00:00,0.0,202.0,2424.0,Win,expiry,distance safe,2020-05-22,2,SPXW  200522P02885000,SPXW  200522P02860000
2020-05-27,09:45:00,3013.96,27.77,2935.0,2910.0,1.8,12,10:38:00,3.6,-180.0,-2160.0,Loss,stop_loss,mark>=stop,2020-05-29,2,SPXW  200529P02935000,SPXW  200529P02910000
2020-06-01,09:45:00,3042.51,29.57,2950.0,2925.0,2.1,12,12:37:00,1.05,105.0,1260.0,Win,profit_target,mark<=target,2020-06-03,2,SPXW  200603P02950000,SPXW  200603P02925000
2020-06-03,09:45:00,3105.83,26.56,3025.0,3000.0,1.75,12,14:38:00,0.88,87.0,1044.0,Win,profit_target,mark<=target,2020-06-05,2,SPXW  200605P03025000,SPXW  200605P03000000
2020-06-08,09:45:00,3210.27,25.02,3130.0,3105.0,1.82,12,15:59:00,0.91,91.0,1092.0,Win,profit_target,mark<=target,2020-06-10,2,SPXW  200610P03130000,SPXW  200610P03105000
2020-06-10,09:45:00,3204.08,27.67,3100.0,3075.0,2.0,12,15:31:00,1.0,100.0,1200.0,Win,profit_target,mark<=target,2020-06-12,2,SPXW  200612P03100000,SPXW  200612P03075000
2020-07-01,09:45:00,3117.23,29.49,3035.0,3010.0,1.72,12,14:15:00,0.86,86.0,1032.0,Win,profit_target,mark<=target,2020-07-02,1,SPXW  200702P03035000,SPXW  200702P03010000
2020-07-06,09:45:00,3170.46,27.8,3090.0,3065.0,1.65,12,16:00:00,0.0,165.0,1980.0,Win,expiry,distance safe,2020-07-08,2,SPXW  200708P03090000,SPXW  200708P03065000
2020-07-08,09:45:00,3163.83,28.39,3080.0,3055.0,2.08,12,16:00:00,0.0,208.0,2496.0,Win,expiry,distance safe,2020-07-10,2,SPXW  200710P03080000,SPXW  200710P03055000
2020-07-13,09:45:00,3208.39,27.67,3125.0,3100.0,1.57,12,15:23:00,3.15,-158.0,-1896.0,Loss,stop_loss,mark>=stop,2020-07-15,2,SPXW  200715P03125000,SPXW  200715P03100000
2020-07-15,09:45:00,3232.41,28.29,3140.0,3115.0,2.0,12,16:00:00,0.0,200.0,2400.0,Win,expiry,distance safe,2020-07-17,2,SPXW  200717P03140000,SPXW  200717P03115000
2020-07-22,09:45:00,3262.68,25.18,3180.0,3155.0,1.82,12,15:46:00,0.91,91.0,1092.0,Win,profit_target,mark<=target,2020-07-24,2,SPXW  200724P03180000,SPXW  200724P03155000
2020-07-27,09:45:00,3224.28,25.94,3140.0,3115.0,1.67,12,13:40:00,0.83,84.0,1008.0,Win,profit_target,mark<=target,2020-07-29,2,SPXW  200729P03140000,SPXW  200729P03115000
2020-07-29,09:45:00,3233.63,24.74,3150.0,3125.0,1.93,12,14:41:00,0.96,97.0,1164.0,Win,profit_target,mark<=target,2020-07-31,2,SPXW  200731P03150000,SPXW  200731P03125000
2020-09-09,09:45:00,3373.78,29.91,3255.0,3230.0,2.05,12,11:04:00,1.02,103.0,1236.0,Win,profit_target,mark<=target,2020-09-11,2,SPXW  200911P03255000,SPXW  200911P03230000
2020-09-14,09:45:00,3382.39,25.83,3285.0,3260.0,2.1,12,15:48:00,1.05,105.0,1260.0,Win,profit_target,mark<=target,2020-09-16,2,SPXW  200916P03285000,SPXW  200916P03260000
2020-09-16,09:45:00,3405.93,26.56,3315.0,3290.0,2.0,12,14:17:00,1.0,100.0,1200.0,Win,profit_target,mark<=target,2020-09-18,2,SPXW  200918P03315000,SPXW  200918P03290000
2020-09-21,09:45:00,3257.19,29.81,3150.0,3125.0,2.1,12,15:51:00,1.05,105.0,1260.0,Win,profit_target,mark<=target,2020-09-23,2,SPXW  200923P03150000,SPXW  200923P03125000
2020-09-23,09:45:00,3320.61,26.4,3235.0,3210.0,2.0,12,11:51:00,4.1,-210.0,-2520.0,Loss,stop_loss,mark>=stop,2020-09-25,2,SPXW  200925P03235000,SPXW  200925P03210000
2020-09-28,09:45:00,3338.69,26.73,3245.0,3220.0,1.95,12,13:35:00,0.97,98.0,1176.0,Win,profit_target,mark<=target,2020-09-30,2,SPXW  200930P03245000,SPXW  200930P03220000
2020-09-30,09:45:00,3350.92,25.82,3245.0,3220.0,2.1,12,11:21:00,1.05,105.0,1260.0,Win,profit_target,mark<=target,2020-10-02,2,SPXW  201002P03245000,SPXW  201002P03220000
2020-10-05,09:45:00,3379.51,28.95,3285.0,3260.0,1.93,12,12:54:00,0.96,97.0,1164.0,Win,profit_target,mark<=target,2020-10-07,2,SPXW  201007P03285000,SPXW  201007P03260000
2020-10-07,09:45:00,3402.58,28.99,3315.0,3290.0,2.02,12,14:18:00,1.01,101.0,1212.0,Win,profit_target,mark<=target,2020-10-09,2,SPXW  201009P03315000,SPXW  201009P03290000
2020-10-19,09:45:00,3501.13,27.66,3410.0,3385.0,1.5,12,11:23:00,3.25,-175.0,-2100.0,Loss,stop_loss,mark>=stop,2020-10-21,2,SPXW  201021P03410000,SPXW  201021P03385000
2020-10-21,09:45:00,3456.64,28.92,3370.0,3345.0,2.15,12,16:00:00,0.0,215.0,2580.0,Win,expiry,distance safe,2020-10-23,2,SPXW  201023P03370000,SPXW  201023P03345000
2020-10-26,09:45:00,3429.9,29.54,3340.0,3315.0,1.67,12,10:59:00,3.45,-178.0,-2136.0,Loss,stop_loss,mark>=stop,2020-10-28,2,SPXW  201028P03340000,SPXW  201028P03315000
2020-11-04,09:45:00,3417.27,29.92,3275.0,3250.0,2.0,12,10:07:00,1.0,100.0,1200.0,Win,profit_target,mark<=target,2020-11-06,2,SPXW  201106P03275000,SPXW  201106P03250000
2020-11-09,09:45:00,3623.57,23.88,3520.0,3495.0,1.95,12,11:09:00,4.1,-215.0,-2580.0,Loss,stop_loss,mark>=stop,2020-11-11,2,SPXW  201111P03520000,SPXW  201111P03495000
2020-11-11,09:45:00,3567.77,23.86,3475.0,3450.0,1.7,12,16:00:00,0.0,170.0,2040.0,Win,expiry,distance safe,2020-11-13,2,SPXW  201113P03475000,SPXW  201113P03450000
2020-11-16,09:45:00,3610.56,23.27,3520.0,3495.0,1.63,12,11:16:00,0.81,82.0,984.0,Win,profit_target,mark<=target,2020-11-18,2,SPXW  201118P03520000,SPXW  201118P03495000
2020-12-21,09:45:00,3671.93,26.68,3565.0,3540.0,1.95,12,10:23:00,3.9,-195.0,-2340.0,Loss,stop_loss,mark>=stop,2020-12-23,2,SPXW  201223P03565000,SPXW  201223P03540000
2021-01-04,09:45:00,3754.27,24.0,3660.0,3635.0,1.7,12,10:52:00,3.45,-175.0,-2100.0,Loss,stop_loss,mark>=stop,2021-01-06,2,SPXW  210106P03660000,SPXW  210106P03635000
2021-01-06,09:45:00,3724.76,24.07,3630.0,3605.0,1.9,12,10:11:00,0.95,95.0,1140.0,Win,profit_target,mark<=target,2021-01-08,2,SPXW  210108P03630000,SPXW  210108P03605000
2021-01-11,09:45:00,3796.21,24.28,3700.0,3675.0,1.55,12,12:35:00,0.78,77.0,924.0,Win,profit_target,mark<=target,2021-01-13,2,SPXW  210113P03700000,SPXW  210113P03675000
2021-01-27,09:45:00,3775.15,28.69,3635.0,3610.0,2.0,12,10:21:00,1.0,100.0,1200.0,Win,profit_target,mark<=target,2021-01-29,2,SPXW  210129P03635000,SPXW  210129P03610000
2021-02-03,09:45:00,3833.51,24.84,3735.0,3710.0,1.55,12,13:38:00,0.78,77.0,924.0,Win,profit_target,mark<=target,2021-02-05,2,SPXW  210205P03735000,SPXW  210205P03710000
2021-02-24,09:45:00,3867.95,24.32,3765.0,3740.0,1.95,12,10:56:00,0.97,98.0,1176.0,Win,profit_target,mark<=target,2021-02-26,2,SPXW  210226P03765000,SPXW  210226P03740000
2021-03-01,09:45:00,3871.41,23.91,3770.0,3745.0,1.9,12,11:44:00,0.95,95.0,1140.0,Win,profit_target,mark<=target,2021-03-03,2,SPXW  210303P03770000,SPXW  210303P03745000
2021-03-03,09:45:00,3859.27,25.1,3740.0,3715.0,2.05,12,16:00:00,0.0,205.0,2460.0,Win,expiry,distance safe,2021-03-05,2,SPXW  210305P03740000,SPXW  210305P03715000
2021-03-08,09:45:00,3862.75,25.27,3740.0,3715.0,2.05,10,16:00:00,0.0,205.0,2050.0,Win,expiry,distance safe,2021-03-10,2,SPXW  210310P03740000,SPXW  210310P03715000
2021-03-10,09:45:00,3904.49,22.55,3805.0,3780.0,1.95,10,16:00:00,0.0,195.0,1950.0,Win,expiry,distance safe,2021-03-12,2,SPXW  210312P03805000,SPXW  210312P03780000
2021-03-15,09:45:00,3943.56,21.43,3840.0,3815.0,1.05,10,14:10:00,0.53,52.0,520.0,Win,profit_target,mark<=target,2021-03-17,2,SPXW  210317P03840000,SPXW  210317P03815000
2021-03-17,09:45:00,3947.8,20.75,3845.0,3820.0,1.4,10,14:11:00,0.7,70.0,700.0,Win,profit_target,mark<=target,2021-03-19,2,SPXW  210319P03845000,SPXW  210319P03820000
2021-03-22,09:45:00,3920.67,20.6,3820.0,3795.0,1.02,10,10:47:00,0.51,51.0,510.0,Win,profit_target,mark<=target,2021-03-24,2,SPXW  210324P03820000,SPXW  210324P03795000
2021-03-24,09:45:00,3930.44,19.74,3855.0,3830.0,1.57,10,15:35:00,3.2,-163.0,-1630.0,Loss,stop_loss,mark>=stop,2021-03-26,2,SPXW  210326P03855000,SPXW  210326P03830000
2021-03-29,09:45:00,3966.55,20.37,3865.0,3840.0,1.1,10,15:13:00,0.55,55.0,550.0,Win,profit_target,mark<=target,2021-03-31,2,SPXW  210331P03865000,SPXW  210331P03840000
2021-04-12,09:45:00,4125.89,17.46,4050.0,4025.0,1.02,10,15:40:00,0.51,51.0,510.0,Win,profit_target,mark<=target,2021-04-14,2,SPXW  210414P04050000,SPXW  210414P04025000
2021-04-21,09:45:00,4133.25,18.95,4055.0,4030.0,1.55,10,10:24:00,0.78,77.0,770.0,Win,profit_target,mark<=target,2021-04-23,2,SPXW  210423P04055000,SPXW  210423P04030000
2021-04-26,09:45:00,4191.25,17.8,4115.0,4090.0,1.23,10,16:00:00,0.0,123.0,1230.0,Win,expiry,distance safe,2021-04-28,2,SPXW  210428P04115000,SPXW  210428P04090000
2021-04-28,09:45:00,4190.71,17.31,4115.0,4090.0,1.3,10,14:47:00,0.65,65.0,650.0,Win,profit_target,mark<=target,2021-04-30,2,SPXW  210430P04115000,SPXW  210430P04090000
2021-05-03,09:45:00,4203.17,18.3,4125.0,4100.0,1.07,10,16:00:00,0.0,107.0,1070.0,Win,expiry,distance safe,2021-05-05,2,SPXW  210505P04125000,SPXW  210505P04100000
2021-05-05,09:45:00,4178.64,18.57,4100.0,4075.0,1.35,10,10:24:00,2.7,-135.0,-1350.0,Loss,stop_loss,mark>=stop,2021-05-07,2,SPXW  210507P04100000,SPXW  210507P04075000
2021-05-10,09:45:00,4228.39,17.64,4150.0,4125.0,1.2,10,14:31:00,2.4,-120.0,-1200.0,Loss,stop_loss,mark>=stop,2021-05-12,2,SPXW  210512P04150000,SPXW  210512P04125000
2021-05-12,09:45:00,4126.09,23.2,4020.0,3995.0,1.9,10,11:57:00,3.95,-205.0,-2050.0,Loss,stop_loss,mark>=stop,2021-05-14,2,SPXW  210514P04020000,SPXW  210514P03995000
2021-05-17,09:45:00,4163.71,20.23,4055.0,4030.0,1.35,10,16:00:00,0.0,135.0,1350.0,Win,expiry,distance safe,2021-05-19,2,SPXW  210519P04055000,SPXW  210519P04030000
2021-05-24,09:45:00,4184.2,19.45,4105.0,4080.0,1.35,10,12:37:00,0.68,67.0,670.0,Win,profit_target,mark<=target,2021-05-26,2,SPXW  210526P04105000,SPXW  210526P04080000
2021-05-26,09:45:00,4190.91,18.65,4115.0,4090.0,1.65,10,12:04:00,0.82,83.0,830.0,Win,profit_target,mark<=target,2021-05-28,2,SPXW  210528P04115000,SPXW  210528P04090000
2021-06-16,09:45:00,4246.28,16.75,4165.0,4140.0,1.4,10,14:03:00,3.1,-170.0,-1700.0,Loss,stop_loss,mark>=stop,2021-06-18,2,SPXW  210618P04165000,SPXW  210618P04140000
2021-06-21,09:45:00,4184.32,20.08,4075.0,4050.0,1.43,10,10:06:00,0.71,72.0,720.0,Win,profit_target,mark<=target,2021-06-23,2,SPXW  210623P04075000,SPXW  210623P04050000
2021-07-12,09:45:00,4370.74,16.64,4290.0,4265.0,1.05,10,12:17:00,0.53,52.0,520.0,Win,profit_target,mark<=target,2021-07-14,2,SPXW  210714P04290000,SPXW  210714P04265000
2021-07-19,09:45:00,4277.21,21.2,4170.0,4145.0,1.5,10,10:02:00,3.15,-165.0,-1650.0,Loss,stop_loss,mark>=stop,2021-07-21,2,SPXW  210721P04170000,SPXW  210721P04145000
2021-07-21,09:45:00,4343.86,18.58,4265.0,4240.0,1.57,10,12:47:00,0.79,78.0,780.0,Win,profit_target,mark<=target,2021-07-23,2,SPXW  210723P04265000,SPXW  210723P04240000
2021-07-26,09:45:00,4409.62,18.39,4330.0,4305.0,1.3,10,11:35:00,0.65,65.0,650.0,Win,profit_target,mark<=target,2021-07-28,2,SPXW  210728P04330000,SPXW  210728P04305000
2021-07-28,09:45:00,4395.78,19.29,4315.0,4290.0,1.78,10,14:17:00,0.89,89.0,890.0,Win,profit_target,mark<=target,2021-07-30,2,SPXW  210730P04315000,SPXW  210730P04290000
2021-08-02,09:45:00,4415.63,18.53,4335.0,4310.0,1.0,10,12:03:00,2.15,-115.0,-1150.0,Loss,stop_loss,mark>=stop,2021-08-04,2,SPXW  210804P04335000,SPXW  210804P04310000
2021-08-04,09:45:00,4409.24,18.63,4325.0,4300.0,1.2,10,14:19:00,0.6,60.0,600.0,Win,profit_target,mark<=target,2021-08-06,2,SPXW  210806P04325000,SPXW  210806P04300000
2021-09-08,09:45:00,4515.94,18.52,4430.0,4405.0,1.0,10,10:56:00,2.05,-105.0,-1050.0,Loss,stop_loss,mark>=stop,2021-09-10,2,SPXW  210910P04430000,SPXW  210910P04405000
2021-09-13,09:45:00,4476.15,19.72,4395.0,4370.0,1.7,10,16:00:00,0.0,170.0,1700.0,Win,expiry,distance safe,2021-09-15,2,SPXW  210915P04395000,SPXW  210915P04370000
2021-09-15,09:45:00,4442.51,20.02,4330.0,4305.0,1.25,10,12:00:00,0.62,63.0,630.0,Win,profit_target,mark<=target,2021-09-17,2,SPXW  210917P04330000,SPXW  210917P04305000
2021-09-20,09:45:00,4379.82,24.07,4260.0,4235.0,2.0,10,13:00:00,4.0,-200.0,-2000.0,Loss,stop_loss,mark>=stop,2021-09-22,2,SPXW  210922P04260000,SPXW  210922P04235000
2021-09-22,09:45:00,4370.38,23.17,4255.0,4230.0,2.0,10,10:57:00,1.0,100.0,1000.0,Win,profit_target,mark<=target,2021-09-24,2,SPXW  210924P04255000,SPXW  210924P04230000
2021-09-27,09:45:00,4441.41,18.97,4360.0,4335.0,1.43,10,11:05:00,0.71,72.0,720.0,Win,profit_target,mark<=target,2021-09-29,2,SPXW  210929P04360000,SPXW  210929P04335000
2021-09-29,09:45:00,4358.38,23.4,4240.0,4215.0,1.95,10,10:01:00,0.97,98.0,980.0,Win,profit_target,mark<=target,2021-10-01,2,SPXW  211001P04240000,SPXW  211001P04215000
2021-10-04,09:45:00,4340.54,22.34,4230.0,4205.0,2.07,10,10:36:00,4.5,-243.0,-2430.0,Loss,stop_loss,mark>=stop,2021-10-06,2,SPXW  211006P04230000,SPXW  211006P04205000
2021-10-06,09:45:00,4326.82,22.26,4215.0,4190.0,2.1,10,14:01:00,1.05,105.0,1050.0,Win,profit_target,mark<=target,2021-10-08,2,SPXW  211008P04215000,SPXW  211008P04190000
2021-10-11,09:45:00,4396.24,19.11,4310.0,4285.0,1.95,10,11:39:00,0.97,98.0,980.0,Win,profit_target,mark<=target,2021-10-13,2,SPXW  211013P04310000,SPXW  211013P04285000
2021-10-18,09:45:00,4459.91,17.25,4375.0,4350.0,1.23,10,10:45:00,0.61,62.0,620.0,Win,profit_target,mark<=target,2021-10-20,2,SPXW  211020P04375000,SPXW  211020P04350000
2021-11-01,09:45:00,4612.9,16.93,4525.0,4500.0,1.07,10,16:00:00,0.0,107.0,1070.0,Win,expiry,distance safe,2021-11-03,2,SPXW  211103P04525000,SPXW  211103P04500000
2021-11-03,09:45:00,4625.57,16.22,4540.0,4515.0,1.67,10,14:44:00,0.83,84.0,840.0,Win,profit_target,mark<=target,2021-11-05,2,SPXW  211105P04540000,SPXW  211105P04515000
2021-11-10,09:45:00,4671.14,18.16,4585.0,4560.0,1.2,10,10:20:00,0.6,60.0,600.0,Win,profit_target,mark<=target,2021-11-12,2,SPXW  211112P04585000,SPXW  211112P04560000
2021-11-29,09:45:00,4641.79,24.41,4525.0,4500.0,1.7,10,12:08:00,0.85,85.0,850.0,Win,profit_target,mark<=target,2021-12-01,2,SPXW  211201P04525000,SPXW  211201P04500000
2021-12-01,09:45:00,4618.6,23.75,4500.0,4475.0,1.75,10,10:58:00,0.88,87.0,870.0,Win,profit_target,mark<=target,2021-12-03,2,SPXW  211203P04500000,SPXW  211203P04475000
2021-12-06,09:45:00,4564.19,29.02,4410.0,4385.0,2.05,10,12:23:00,1.02,103.0,1030.0,Win,profit_target,mark<=target,2021-12-08,2,SPXW  211208P04410000,SPXW  211208P04385000
2021-12-08,09:45:00,4690.17,22.02,4570.0,4545.0,1.2,10,13:31:00,0.6,60.0,600.0,Win,profit_target,mark<=target,2021-12-10,2,SPXW  211210P04570000,SPXW  211210P04545000
2021-12-13,09:45:00,4701.33,20.01,4580.0,4555.0,1.18,10,16:00:00,0.0,118.0,1180.0,Win,expiry,distance safe,2021-12-15,2,SPXW  211215P04580000,SPXW  211215P04555000
2021-12-15,09:45:00,4625.71,22.87,4495.0,4470.0,1.95,10,14:14:00,0.97,98.0,980.0,Win,profit_target,mark<=target,2021-12-17,2,SPXW  211217P04495000,SPXW  211217P04470000
2021-12-20,09:45:00,4561.04,25.3,4425.0,4400.0,1.95,10,15:21:00,0.97,98.0,980.0,Win,profit_target,mark<=target,2021-12-22,2,SPXW  211222P04425000,SPXW  211222P04400000
2021-12-27,09:45:00,4749.66,18.7,4660.0,4635.0,1.15,10,10:29:00,0.57,58.0,580.0,Win,profit_target,mark<=target,2021-12-29,2,SPXW  211229P04660000,SPXW  211229P04635000
2022-01-10,09:45:00,4624.72,21.4,4505.0,4480.0,1.67,10,10:15:00,3.4,-173.0,-1730.0,Loss,stop_loss,mark>=stop,2022-01-12,2,SPXW  220112P04505000,SPXW  220112P04480000
2022-01-12,09:45:00,4729.91,18.01,4640.0,4615.0,2.0,10,16:00:00,0.0,200.0,2000.0,Win,expiry,distance safe,2022-01-14,2,SPXW  220114P04640000,SPXW  220114P04615000
2022-01-19,09:45:00,4604.48,22.39,4480.0,4455.0,2.1,10,15:53:00,4.35,-225.0,-2250.0,Loss,stop_loss,mark>=stop,2022-01-21,2,SPXW  220121P04480000,SPXW  220121P04455000
2022-01-26,09:45:00,4406.65,29.45,4275.0,4250.0,2.0,10,09:54:00,1.0,100.0,1000.0,Win,profit_target,mark<=target,2022-01-26,0,SPXW  220126P04275000,SPXW  220126P04250000
2022-01-31,09:45:00,4436.29,27.87,4265.0,4240.0,2.0,10,10:23:00,1.0,100.0,1000.0,Win,profit_target,mark<=target,2022-02-02,2,SPXW  220202P04265000,SPXW  220202P04240000
2022-02-02,09:45:00,4564.96,21.88,4445.0,4420.0,2.0,10,14:46:00,1.0,100.0,1000.0,Win,profit_target,mark<=target,2022-02-04,2,SPXW  220204P04445000,SPXW  220204P04420000
2022-02-07,09:45:00,4506.92,23.44,4385.0,4360.0,2.0,10,15:12:00,1.0,100.0,1000.0,Win,profit_target,mark<=target,2022-02-09,2,SPXW  220209P04385000,SPXW  220209P04360000
2022-02-09,09:45:00,4573.06,20.52,4455.0,4430.0,1.7,10,16:00:00,0.0,170.0,1700.0,Win,expiry,distance safe,2022-02-11,2,SPXW  220211P04455000,SPXW  220211P04430000
2022-02-14,09:45:00,4411.93,29.64,4245.0,4220.0,2.0,10,16:00:00,0.0,200.0,2000.0,Win,expiry,distance safe,2022-02-16,2,SPXW  220216P04245000,SPXW  220216P04220000
2022-02-23,09:45:00,4331.22,28.32,4180.0,4155.0,1.95,10,11:05:00,3.95,-200.0,-2000.0,Loss,stop_loss,mark>=stop,2022-02-25,2,SPXW  220225P04180000,SPXW  220225P04155000
2022-02-25,09:45:00,4300.03,29.69,4190.0,4165.0,1.02,10,10:09:00,0.51,51.0,510.0,Win,profit_target,mark<=target,2022-02-25,0,SPXW  220225P04190000,SPXW  220225P04165000
2022-03-16,09:45:00,4325.48,28.33,4160.0,4135.0,2.0,10,14:31:00,4.2,-220.0,-2200.0,Loss,stop_loss,mark>=stop,2022-03-18,2,SPXW  220318P04160000,SPXW  220318P04135000
2022-03-21,09:45:00,4475.17,23.99,4360.0,4335.0,2.05,10,13:18:00,4.2,-215.0,-2150.0,Loss,stop_loss,mark>=stop,2022-03-23,2,SPXW  220323P04360000,SPXW  220323P04335000
2022-03-23,09:45:00,4481.82,23.69,4365.0,4340.0,1.75,10,16:00:00,0.0,175.0,1750.0,Win,expiry,distance safe,2022-03-25,2,SPXW  220325P04365000,SPXW  220325P04340000
2022-03-28,09:45:00,4542.16,21.67,4425.0,4400.0,1.33,10,14:11:00,0.67,66.0,660.0,Win,profit_target,mark<=target,2022-03-30,2,SPXW  220330P04425000,SPXW  220330P04400000
2022-03-30,09:45:00,4617.73,19.12,4530.0,4505.0,2.0,10,15:24:00,4.2,-220.0,-2200.0,Loss,stop_loss,mark>=stop,2022-04-01,2,SPXW  220401P04530000,SPXW  220401P04505000
2022-04-11,09:45:00,4455.46,22.94,4340.0,4315.0,1.65,10,15:46:00,3.3,-165.0,-1650.0,Loss,stop_loss,mark>=stop,2022-04-13,2,SPXW  220413P04340000,SPXW  220413P04315000
2022-04-18,09:45:00,4404.46,23.24,4290.0,4265.0,1.65,10,16:00:00,0.0,165.0,1650.0,Win,expiry,distance safe,2022-04-20,2,SPXW  220420P04290000,SPXW  220420P04265000
2022-04-20,09:45:00,4469.78,20.3,4355.0,4330.0,1.38,10,16:00:00,0.0,138.0,1380.0,Win,expiry,distance safe,2022-04-22,2,SPXW  220422P04355000,SPXW  220422P04330000
2022-04-25,09:45:00,4229.13,29.72,4085.0,4060.0,1.95,10,14:33:00,0.97,98.0,980.0,Win,profit_target,mark<=target,2022-04-27,2,SPXW  220427P04085000,SPXW  220427P04060000
2022-05-04,09:45:00,4179.92,28.83,4075.0,4050.0,1.92,10,12:40:00,0.96,96.0,960.0,Win,profit_target,mark<=target,2022-05-04,0,SPXW  220504P04075000,SPXW  220504P04050000
2022-05-13,09:45:00,3983.09,29.92,3880.0,3855.0,1.15,10,10:06:00,0.57,58.0,580.0,Win,profit_target,mark<=target,2022-05-13,0,SPXW  220513P03880000,SPXW  220513P03855000
2022-05-16,09:45:00,4004.01,29.08,3845.0,3820.0,2.05,10,13:29:00,1.02,103.0,1030.0,Win,profit_target,mark<=target,2022-05-18,2,SPXW  220518P03845000,SPXW  220518P03820000
2022-05-18,09:45:00,4026.19,27.9,3880.0,3855.0,2.0,10,11:31:00,4.2,-220.0,-2200.0,Loss,stop_loss,mark>=stop,2022-05-20,2,SPXW  220520P03880000,SPXW  220520P03855000
2022-05-23,09:45:00,3935.62,29.57,3775.0,3750.0,1.95,10,11:06:00,0.97,98.0,980.0,Win,profit_target,mark<=target,2022-05-25,2,SPXW  220525P03775000,SPXW  220525P03750000
2022-06-01,09:45:00,4152.41,25.86,4025.0,4000.0,2.05,10,10:20:00,4.1,-205.0,-2050.0,Loss,stop_loss,mark>=stop,2022-06-03,2,SPXW  220603P04025000,SPXW  220603P04000000
2022-06-06,09:45:00,4150.64,25.02,4040.0,4015.0,2.1,10,16:00:00,0.0,210.0,2100.0,Win,expiry,distance safe,2022-06-08,2,SPXW  220608P04040000,SPXW  220608P04015000
2022-06-08,09:45:00,4140.29,24.42,4015.0,3990.0,2.0,10,16:00:00,0.0,200.0,2000.0,Win,expiry,distance safe,2022-06-10,2,SPXW  220610P04015000,SPXW  220610P03990000
2022-06-27,09:45:00,3900.47,28.49,3775.0,3750.0,2.0,10,11:26:00,1.0,100.0,1000.0,Win,profit_target,mark<=target,2022-06-29,2,SPXW  220629P03775000,SPXW  220629P03750000
2022-06-29,09:45:00,3804.8,29.26,3675.0,3650.0,2.05,10,10:03:00,1.02,103.0,1030.0,Win,profit_target,mark<=target,2022-07-01,2,SPXW  220701P03675000,SPXW  220701P03650000
2022-07-11,09:45:00,3858.06,26.35,3730.0,3705.0,1.95,10,13:42:00,0.97,98.0,980.0,Win,profit_target,mark<=target,2022-07-13,2,SPXW  220713P03730000,SPXW  220713P03705000
2022-07-13,09:45:00,3777.82,28.34,3650.0,3625.0,1.95,10,10:45:00,0.97,98.0,980.0,Win,profit_target,mark<=target,2022-07-15,2,SPXW  220715P03650000,SPXW  220715P03625000
2022-07-18,09:45:00,3898.55,24.79,3800.0,3775.0,2.05,10,13:57:00,4.25,-220.0,-2200.0,Loss,stop_loss,mark>=stop,2022-07-20,2,SPXW  220720P03800000,SPXW  220720P03775000
2022-07-20,09:45:00,3936.28,24.37,3820.0,3795.0,1.95,10,10:48:00,0.97,98.0,980.0,Win,profit_target,mark<=target,2022-07-22,2,SPXW  220722P03820000,SPXW  220722P03795000
2022-07-25,09:45:00,3967.31,23.63,3845.0,3820.0,1.95,10,16:00:00,0.0,195.0,1950.0,Win,expiry,distance safe,2022-07-27,2,SPXW  220727P03845000,SPXW  220727P03820000
2022-07-27,09:45:00,3964.6,23.87,3820.0,3795.0,2.0,10,14:37:00,1.0,100.0,1000.0,Win,profit_target,mark<=target,2022-07-29,2,SPXW  220729P03820000,SPXW  220729P03795000
2022-08-01,09:45:00,4115.89,22.67,4010.0,3985.0,1.62,10,16:00:00,0.0,162.0,1620.0,Win,expiry,distance safe,2022-08-03,2,SPXW  220803P04010000,SPXW  220803P03985000
2022-08-03,09:45:00,4119.71,22.87,4015.0,3990.0,1.93,10,11:43:00,0.96,97.0,970.0,Win,profit_target,mark<=target,2022-08-05,2,SPXW  220805P04015000,SPXW  220805P03990000
2022-08-08,09:45:00,4180.24,21.44,4070.0,4045.0,2.0,10,12:18:00,4.1,-210.0,-2100.0,Loss,stop_loss,mark>=stop,2022-08-10,2,SPXW  220810P04070000,SPXW  220810P04045000
2022-08-10,09:45:00,4191.99,20.37,4085.0,4060.0,1.6,10,13:00:00,0.8,80.0,800.0,Win,profit_target,mark<=target,2022-08-12,2,SPXW  220812P04085000,SPXW  220812P04060000
2022-08-15,09:45:00,4261.77,20.71,4155.0,4130.0,1.0,10,11:36:00,0.5,50.0,500.0,Win,profit_target,mark<=target,2022-08-17,2,SPXW  220817P04155000,SPXW  220817P04130000
2022-08-22,09:45:00,4173.4,23.06,4065.0,4040.0,1.3,10,13:58:00,2.65,-135.0,-1350.0,Loss,stop_loss,mark>=stop,2022-08-24,2,SPXW  220824P04065000,SPXW  220824P04040000
2022-08-24,09:45:00,4131.27,23.58,4025.0,4000.0,2.12,10,11:53:00,1.06,106.0,1060.0,Win,profit_target,mark<=target,2022-08-26,2,SPXW  220826P04025000,SPXW  220826P04000000
2022-08-29,09:45:00,4036.8,26.88,3915.0,3890.0,2.05,10,12:52:00,1.02,103.0,1030.0,Win,profit_target,mark<=target,2022-08-31,2,SPXW  220831P03915000,SPXW  220831P03890000
2022-08-31,09:45:00,4010.7,25.61,3895.0,3870.0,2.0,10,11:08:00,4.0,-200.0,-2000.0,Loss,stop_loss,mark>=stop,2022-09-02,2,SPXW  220902P03895000,SPXW  220902P03870000
2022-09-07,09:45:00,3924.94,26.28,3805.0,3780.0,2.08,10,13:03:00,1.04,104.0,1040.0,Win,profit_target,mark<=target,2022-09-09,2,SPXW  220909P03805000,SPXW  220909P03780000
2022-09-12,09:45:00,4095.67,23.26,3980.0,3955.0,2.05,10,16:00:00,0.0,205.0,2050.0,Win,expiry,distance safe,2022-09-14,2,SPXW  220914P03980000,SPXW  220914P03955000
2022-09-14,09:45:00,3949.9,26.78,3830.0,3805.0,2.1,10,16:00:00,0.0,210.0,2100.0,Win,expiry,distance safe,2022-09-16,2,SPXW  220916P03830000,SPXW  220916P03805000
2022-09-19,09:45:00,3859.32,27.11,3715.0,3690.0,2.1,10,15:02:00,1.05,105.0,1050.0,Win,profit_target,mark<=target,2022-09-21,2,SPXW  220921P03715000,SPXW  220921P03690000
2022-09-21,09:45:00,3871.67,26.9,3765.0,3740.0,1.98,10,14:05:00,4.3,-232.0,-2320.0,Loss,stop_loss,mark>=stop,2022-09-21,0,SPXW  220921P03765000,SPXW  220921P03740000
2022-10-05,09:45:00,3749.01,29.91,3620.0,3595.0,2.05,10,12:50:00,1.02,103.0,1030.0,Win,profit_target,mark<=target,2022-10-07,2,SPXW  221007P03620000,SPXW  221007P03595000
2022-10-26,09:45:00,3829.01,28.02,3710.0,3685.0,2.05,10,10:29:00,1.02,103.0,1030.0,Win,profit_target,mark<=target,2022-10-28,2,SPXW  221028P03710000,SPXW  221028P03685000
2022-10-31,09:45:00,3881.33,26.91,3735.0,3710.0,1.95,10,15:41:00,0.97,98.0,980.0,Win,profit_target,mark<=target,2022-11-02,2,SPXW  221102P03735000,SPXW  221102P03710000
2022-11-02,09:45:00,3838.63,26.39,3680.0,3655.0,2.0,10,14:02:00,1.0,100.0,1000.0,Win,profit_target,mark<=target,2022-11-04,2,SPXW  221104P03680000,SPXW  221104P03655000
2022-11-07,09:45:00,3779.01,25.31,3665.0,3640.0,2.0,10,13:54:00,1.0,100.0,1000.0,Win,profit_target,mark<=target,2022-11-09,2,SPXW  221109P03665000,SPXW  221109P03640000
2022-11-09,09:45:00,3799.64,25.43,3645.0,3620.0,2.05,10,16:00:00,0.0,205.0,2050.0,Win,expiry,distance safe,2022-11-11,2,SPXW  221111P03645000,SPXW  221111P03620000
2022-11-14,09:45:00,3972.21,23.48,3870.0,3845.0,2.0,10,10:16:00,1.0,100.0,1000.0,Win,profit_target,mark<=target,2022-11-16,2,SPXW  221116P03870000,SPXW  221116P03845000
2022-11-16,09:45:00,3976.45,24.25,3870.0,3845.0,1.9,10,16:00:00,0.0,190.0,1900.0,Win,expiry,distance safe,2022-11-18,2,SPXW  221118P03870000,SPXW  221118P03845000
2022-11-21,09:45:00,3949.17,23.54,3850.0,3825.0,1.15,10,13:14:00,0.57,58.0,580.0,Win,profit_target,mark<=target,2022-11-23,2,SPXW  221123P03850000,SPXW  221123P03825000
2022-11-28,09:45:00,4007.8,21.86,3905.0,3880.0,1.33,10,13:45:00,2.67,-134.0,-1340.0,Loss,stop_loss,mark>=stop,2022-11-30,2,SPXW  221130P03905000,SPXW  221130P03880000
2022-11-30,09:45:00,3961.77,22.14,3840.0,3815.0,2.05,10,13:55:00,1.02,103.0,1030.0,Win,profit_target,mark<=target,2022-12-02,2,SPXW  221202P03840000,SPXW  221202P03815000
2022-12-07,09:45:00,3942.06,22.56,3840.0,3815.0,1.85,10,16:00:00,0.0,185.0,1850.0,Win,expiry,distance safe,2022-12-09,2,SPXW  221209P03840000,SPXW  221209P03815000
2022-12-12,09:45:00,3938.68,24.37,3775.0,3750.0,2.5,10,16:00:00,0.0,250.0,2500.0,Win,expiry,distance safe,2022-12-14,2,SPXW  221214P03775000,SPXW  221214P03750000
2022-12-14,09:45:00,4028.59,22.58,3880.0,3855.0,1.95,10,14:35:00,4.5,-255.0,-2550.0,Loss,stop_loss,mark>=stop,2022-12-16,2,SPXW  221216P03880000,SPXW  221216P03855000
2022-12-19,09:45:00,3848.26,22.42,3750.0,3725.0,1.4,10,14:02:00,3.05,-165.0,-1650.0,Loss,stop_loss,mark>=stop,2022-12-21,2,SPXW  221221P03750000,SPXW  221221P03725000
2022-12-21,09:45:00,3848.18,20.44,3750.0,3725.0,1.25,10,10:16:00,0.62,63.0,630.0,Win,profit_target,mark<=target,2022-12-23,2,SPXW  221223P03750000,SPXW  221223P03725000
2022-12-28,09:45:00,3842.01,21.29,3745.0,3720.0,1.2,10,11:00:00,2.55,-135.0,-1350.0,Loss,stop_loss,mark>=stop,2022-12-30,2,SPXW  221230P03745000,SPXW  221230P03720000
2023-01-09,09:45:00,3918.32,21.56,3820.0,3795.0,1.35,10,10:36:00,0.68,67.0,670.0,Win,profit_target,mark<=target,2023-01-11,2,SPXW  230111P03820000,SPXW  230111P03795000
2023-01-11,09:45:00,3943.98,20.73,3805.0,3780.0,2.05,10,16:00:00,0.0,205.0,2050.0,Win,expiry,distance safe,2023-01-13,2,SPXW  230113P03805000,SPXW  230113P03780000
2023-01-18,09:45:00,4002.77,19.23,3930.0,3905.0,1.62,10,11:07:00,3.7,-208.0,-2080.0,Loss,stop_loss,mark>=stop,2023-01-20,2,SPXW  230120P03930000,SPXW  230120P03905000
2023-01-23,09:45:00,3979.16,19.99,3905.0,3880.0,2.03,10,10:24:00,1.01,102.0,1020.0,Win,profit_target,mark<=target,2023-01-25,2,SPXW  230125P03905000,SPXW  230125P03880000
2023-01-25,09:45:00,3974.17,20.04,3870.0,3845.0,1.05,10,10:38:00,2.25,-120.0,-1200.0,Loss,stop_loss,mark>=stop,2023-01-27,2,SPXW  230127P03870000,SPXW  230127P03845000
2023-01-30,09:45:00,4048.77,19.7,3935.0,3910.0,1.9,10,16:00:00,0.0,190.0,1900.0,Win,expiry,distance safe,2023-02-01,2,SPXW  230201P03935000,SPXW  230201P03910000
2023-02-01,09:45:00,4065.12,19.71,3985.0,3960.0,2.0,10,14:08:00,1.0,100.0,1000.0,Win,profit_target,mark<=target,2023-02-01,0,SPXW  230201P03985000,SPXW  230201P03960000
2023-02-06,09:45:00,4108.48,19.49,4015.0,3990.0,1.95,10,16:00:00,0.0,195.0,1950.0,Win,expiry,distance safe,2023-02-08,2,SPXW  230208P04015000,SPXW  230208P03990000
2023-02-08,09:45:00,4155.01,18.67,4070.0,4045.0,2.0,10,11:25:00,4.05,-205.0,-2050.0,Loss,stop_loss,mark>=stop,2023-02-10,2,SPXW  230210P04070000,SPXW  230210P04045000
2023-02-13,09:45:00,4102.53,21.16,3960.0,3935.0,2.0,10,11:45:00,1.0,100.0,1000.0,Win,profit_target,mark<=target,2023-02-15,2,SPXW  230215P03960000,SPXW  230215P03935000
2023-02-15,09:45:00,4118.98,18.68,4030.0,4005.0,1.93,10,13:22:00,0.96,97.0,970.0,Win,profit_target,mark<=target,2023-02-17,2,SPXW  230217P04030000,SPXW  230217P04005000
2023-03-01,09:45:00,3960.46,20.71,3860.0,3835.0,1.15,10,16:00:00,0.0,115.0,1150.0,Win,expiry,distance safe,2023-03-03,2,SPXW  230303P03860000,SPXW  230303P03835000
2023-03-06,09:45:00,4060.67,18.73,3975.0,3950.0,1.95,10,16:00:00,0.0,195.0,1950.0,Win,expiry,distance safe,2023-03-08,2,SPXW  230308P03975000,SPXW  230308P03950000
2023-03-08,09:45:00,3983.54,19.71,3885.0,3860.0,2.0,10,16:00:00,0.0,200.0,2000.0,Win,expiry,distance safe,2023-03-10,2,SPXW  230310P03885000,SPXW  230310P03860000
2023-03-15,09:45:00,3874.81,26.62,3740.0,3715.0,2.0,10,16:00:00,0.0,200.0,2000.0,Win,expiry,distance safe,2023-03-17,2,SPXW  230317P03740000,SPXW  230317P03715000
2023-03-20,09:45:00,3923.43,26.1,3765.0,3740.0,2.0,10,11:04:00,1.0,100.0,1000.0,Win,profit_target,mark<=target,2023-03-22,2,SPXW  230322P03765000,SPXW  230322P03740000
2023-03-22,09:45:00,3996.94,20.8,3865.0,3840.0,1.95,10,14:07:00,0.97,98.0,980.0,Win,profit_target,mark<=target,2023-03-24,2,SPXW  230324P03865000,SPXW  230324P03840000
2023-03-27,09:45:00,3999.72,21.12,3895.0,3870.0,1.55,10,16:00:00,0.0,155.0,1550.0,Win,expiry,distance safe,2023-03-29,2,SPXW  230329P03895000,SPXW  230329P03870000
2023-03-29,09:45:00,4013.72,19.35,3930.0,3905.0,2.0,10,15:22:00,1.0,100.0,1000.0,Win,profit_target,mark<=target,2023-03-31,2,SPXW  230331P03930000,SPXW  230331P03905000
2023-04-03,09:45:00,4111.41,19.39,4030.0,4005.0,1.48,10,14:27:00,0.74,74.0,740.0,Win,profit_target,mark<=target,2023-04-05,2,SPXW  230405P04030000,SPXW  230405P04005000
2023-04-10,09:45:00,4080.14,19.68,3995.0,3970.0,2.0,10,13:01:00,1.0,100.0,1000.0,Win,profit_target,mark<=target,2023-04-12,2,SPXW  230412P03995000,SPXW  230412P03970000
2023-04-19,09:45:00,4135.6,16.8,4060.0,4035.0,1.23,10,12:16:00,0.61,62.0,620.0,Win,profit_target,mark<=target,2023-04-21,2,SPXW  230421P04060000,SPXW  230421P04035000
2023-04-24,09:45:00,4139.55,17.31,4065.0,4040.0,1.12,10,12:17:00,2.25,-113.0,-1130.0,Loss,stop_loss,mark>=stop,2023-04-26,2,SPXW  230426P04065000,SPXW  230426P04040000
2023-04-26,09:45:00,4076.46,18.9,4000.0,3975.0,1.85,10,12:08:00,0.93,92.0,920.0,Win,profit_target,mark<=target,2023-04-28,2,SPXW  230428P04000000,SPXW  230428P03975000
2023-05-01,09:45:00,4173.06,16.04,4095.0,4070.0,2.12,10,16:00:00,0.0,212.0,2120.0,Win,expiry,distance safe,2023-05-03,2,SPXW  230503P04095000,SPXW  230503P04070000
2023-05-03,09:45:00,4127.18,17.9,4025.0,4000.0,2.0,10,16:00:00,0.0,200.0,2000.0,Win,expiry,distance safe,2023-05-05,2,SPXW  230505P04025000,SPXW  230505P04000000
2023-05-08,09:45:00,4135.81,17.61,4060.0,4035.0,1.9,10,16:00:00,0.0,190.0,1900.0,Win,expiry,distance safe,2023-05-10,2,SPXW  230510P04060000,SPXW  230510P04035000
2023-05-10,09:45:00,4133.04,17.04,4055.0,4030.0,1.5,10,13:26:00,3.05,-155.0,-1550.0,Loss,stop_loss,mark>=stop,2023-05-12,2,SPXW  230512P04055000,SPXW  230512P04030000
2023-05-15,09:45:00,4122.83,17.81,4045.0,4020.0,1.3,10,12:45:00,0.65,65.0,650.0,Win,profit_target,mark<=target,2023-05-17,2,SPXW  230517P04045000,SPXW  230517P04020000
2023-05-17,09:45:00,4126.43,17.39,4050.0,4025.0,1.25,10,12:40:00,0.62,63.0,630.0,Win,profit_target,mark<=target,2023-05-19,2,SPXW  230519P04050000,SPXW  230519P04025000
2023-05-22,09:45:00,4202.56,17.06,4125.0,4100.0,1.3,10,10:09:00,2.6,-130.0,-1300.0,Loss,stop_loss,mark>=stop,2023-05-24,2,SPXW  230524P04125000,SPXW  230524P04100000
2023-05-31,09:45:00,4192.39,17.74,4115.0,4090.0,1.7,10,10:38:00,3.4,-170.0,-1700.0,Loss,stop_loss,mark>=stop,2023-06-02,2,SPXW  230602P04115000,SPXW  230602P04090000
2023-06-12,09:45:00,4308.78,14.77,4230.0,4205.0,1.73,10,15:11:00,0.86,87.0,870.0,Win,profit_target,mark<=target,2023-06-14,2,SPXW  230614P04230000,SPXW  230614P04205000
2023-06-14,09:45:00,4373.52,14.52,4290.0,4265.0,1.4,10,14:08:00,3.0,-160.0,-1600.0,Loss,stop_loss,mark>=stop,2023-06-16,2,SPXW  230616P04290000,SPXW  230616P04265000
2023-07-26,09:45:00,4562.65,13.84,4480.0,4455.0,1.15,10,14:40:00,0.57,58.0,580.0,Win,profit_target,mark<=target,2023-07-28,2,SPXW  230728P04480000,SPXW  230728P04455000
2023-08-02,09:45:00,4543.34,15.35,4460.0,4435.0,1.15,10,10:55:00,2.45,-130.0,-1300.0,Loss,stop_loss,mark>=stop,2023-08-04,2,SPXW  230804P04460000,SPXW  230804P04435000
2023-08-07,09:45:00,4494.95,16.92,4410.0,4385.0,1.08,10,10:25:00,0.54,54.0,540.0,Win,profit_target,mark<=target,2023-08-09,2,SPXW  230809P04410000,SPXW  230809P04385000
2023-08-09,09:45:00,4493.9,15.85,4410.0,4385.0,1.4,10,11:21:00,2.8,-140.0,-1400.0,Loss,stop_loss,mark>=stop,2023-08-11,2,SPXW  230811P04410000,SPXW  230811P04385000
2023-08-14,09:45:00,4459.88,15.8,4375.0,4350.0,1.38,10,10:35:00,0.69,69.0,690.0,Win,profit_target,mark<=target,2023-08-16,2,SPXW  230816P04375000,SPXW  230816P04350000
2023-08-21,09:45:00,4387.65,17.54,4305.0,4280.0,1.4,10,11:54:00,3.0,-160.0,-1600.0,Loss,stop_loss,mark>=stop,2023-08-23,2,SPXW  230823P04305000,SPXW  230823P04280000
2023-08-23,09:45:00,4402.13,16.72,4320.0,4295.0,1.88,10,10:50:00,0.94,94.0,940.0,Win,profit_target,mark<=target,2023-08-25,2,SPXW  230825P04320000,SPXW  230825P04295000
2023-08-28,09:45:00,4432.58,15.71,4350.0,4325.0,1.05,10,15:47:00,0.53,52.0,520.0,Win,profit_target,mark<=target,2023-08-30,2,SPXW  230830P04350000,SPXW  230830P04325000
2023-08-30,09:45:00,4504.59,14.31,4420.0,4395.0,1.12,10,11:37:00,0.56,56.0,560.0,Win,profit_target,mark<=target,2023-09-01,2,SPXW  230901P04420000,SPXW  230901P04395000
2023-09-18,09:45:00,4445.62,14.68,4365.0,4340.0,1.05,10,11:03:00,0.53,52.0,520.0,Win,profit_target,mark<=target,2023-09-20,2,SPXW  230920P04365000,SPXW  230920P04340000
2023-09-20,09:45:00,4456.9,13.94,4375.0,4350.0,1.25,10,15:15:00,2.6,-135.0,-1350.0,Loss,stop_loss,mark>=stop,2023-09-22,2,SPXW  230922P04375000,SPXW  230922P04350000
2023-09-25,09:45:00,4313.51,17.84,4230.0,4205.0,1.95,10,11:44:00,0.97,98.0,980.0,Win,profit_target,mark<=target,2023-09-27,2,SPXW  230927P04230000,SPXW  230927P04205000
2023-09-27,09:45:00,4289.26,18.5,4200.0,4175.0,2.05,10,12:15:00,4.1,-205.0,-2050.0,Loss,stop_loss,mark>=stop,2023-09-29,2,SPXW  230929P04200000,SPXW  230929P04175000
2023-10-02,09:45:00,4291.14,17.81,4205.0,4180.0,1.67,10,12:50:00,3.6,-193.0,-1930.0,Loss,stop_loss,mark>=stop,2023-10-04,2,SPXW  231004P04205000,SPXW  231004P04180000
2023-10-04,09:45:00,4239.27,19.27,4150.0,4125.0,1.95,10,15:11:00,0.97,98.0,980.0,Win,profit_target,mark<=target,2023-10-06,2,SPXW  231006P04150000,SPXW  231006P04125000
2023-10-09,09:45:00,4299.19,18.53,4220.0,4195.0,2.05,10,13:31:00,1.02,103.0,1030.0,Win,profit_target,mark<=target,2023-10-11,2,SPXW  231011P04220000,SPXW  231011P04195000
2023-10-16,09:45:00,4350.44,18.4,4270.0,4245.0,1.95,10,10:28:00,0.97,98.0,980.0,Win,profit_target,mark<=target,2023-10-18,2,SPXW  231018P04270000,SPXW  231018P04245000
2023-10-18,09:45:00,4349.95,18.84,4260.0,4235.0,1.97,10,15:46:00,4.5,-253.0,-2530.0,Loss,stop_loss,mark>=stop,2023-10-20,2,SPXW  231020P04260000,SPXW  231020P04235000
2023-10-23,09:45:00,4191.42,22.44,4085.0,4060.0,1.43,10,10:00:00,0.71,72.0,720.0,Win,profit_target,mark<=target,2023-10-25,2,SPXW  231025P04085000,SPXW  231025P04060000
2023-10-25,09:45:00,4213.01,19.63,4130.0,4105.0,2.12,10,16:00:00,0.0,212.0,2120.0,Win,expiry,distance safe,2023-10-27,2,SPXW  231027P04130000,SPXW  231027P04105000
2023-10-30,09:45:00,4157.9,20.27,4050.0,4025.0,1.65,10,14:36:00,0.82,83.0,830.0,Win,profit_target,mark<=target,2023-11-01,2,SPXW  231101P04050000,SPXW  231101P04025000
2023-11-01,09:45:00,4202.05,17.72,4105.0,4080.0,1.95,10,14:32:00,0.97,98.0,980.0,Win,profit_target,mark<=target,2023-11-03,2,SPXW  231103P04105000,SPXW  231103P04080000
2023-11-06,09:45:00,4364.15,15.36,4285.0,4260.0,1.15,10,15:50:00,0.57,58.0,580.0,Win,profit_target,mark<=target,2023-11-08,2,SPXW  231108P04285000,SPXW  231108P04260000
2023-11-13,09:45:00,4395.58,15.07,4315.0,4290.0,1.23,10,10:54:00,0.61,62.0,620.0,Win,profit_target,mark<=target,2023-11-15,2,SPXW  231115P04315000,SPXW  231115P04290000
2023-11-15,09:45:00,4508.61,14.12,4425.0,4400.0,1.08,10,10:51:00,0.54,54.0,540.0,Win,profit_target,mark<=target,2023-11-17,2,SPXW  231117P04425000,SPXW  231117P04400000
2023-12-11,09:45:00,4603.05,13.02,4520.0,4495.0,1.3,10,13:21:00,0.65,65.0,650.0,Win,profit_target,mark<=target,2023-12-13,2,SPXW  231213P04520000,SPXW  231213P04495000
2024-01-29,09:45:00,4894.71,13.81,4805.0,4780.0,1.08,10,14:36:00,0.54,54.0,540.0,Win,profit_target,mark<=target,2024-01-31,2,SPXW  240131P04805000,SPXW  240131P04780000
2024-01-31,09:45:00,4896.38,13.52,4805.0,4780.0,1.52,10,15:03:00,3.12,-160.0,-1600.0,Loss,stop_loss,mark>=stop,2024-02-02,2,SPXW  240202P04805000,SPXW  240202P04780000
2024-02-14,09:45:00,4979.38,14.58,4885.0,4860.0,1.0,10,10:25:00,0.5,50.0,500.0,Win,profit_target,mark<=target,2024-02-16,2,SPXW  240216P04885000,SPXW  240216P04860000
2024-03-06,09:45:00,5109.42,14.06,5015.0,4990.0,1.1,10,13:23:00,0.55,55.0,550.0,Win,profit_target,mark<=target,2024-03-08,2,SPXW  240308P05015000,SPXW  240308P04990000
2024-03-11,09:45:00,5111.4,15.69,5015.0,4990.0,1.8,10,16:00:00,0.0,180.0,1800.0,Win,expiry,distance safe,2024-03-13,2,SPXW  240313P05015000,SPXW  240313P04990000
2024-03-18,09:45:00,5165.83,14.47,5070.0,5045.0,1.7,10,16:00:00,0.0,170.0,1700.0,Win,expiry,distance safe,2024-03-20,2,SPXW  240320P05070000,SPXW  240320P05045000
2024-03-20,09:45:00,5173.7,14.09,5080.0,5055.0,1.65,10,14:07:00,0.82,83.0,830.0,Win,profit_target,mark<=target,2024-03-22,2,SPXW  240322P05080000,SPXW  240322P05055000
2024-04-03,09:45:00,5203.06,15.08,5105.0,5080.0,1.12,10,10:16:00,0.56,56.0,560.0,Win,profit_target,mark<=target,2024-04-05,2,SPXW  240405P05105000,SPXW  240405P05080000
2024-04-08,09:45:00,5204.82,16.08,5110.0,5085.0,2.1,10,15:34:00,1.05,105.0,1050.0,Win,profit_target,mark<=target,2024-04-10,2,SPXW  240410P05110000,SPXW  240410P05085000
2024-04-15,09:45:00,5166.95,16.37,5070.0,5045.0,1.62,10,10:12:00,3.65,-203.0,-2030.0,Loss,stop_loss,mark>=stop,2024-04-17,2,SPXW  240417P05070000,SPXW  240417P05045000
2024-04-17,09:45:00,5075.82,17.7,4980.0,4955.0,1.95,10,10:54:00,3.9,-195.0,-1950.0,Loss,stop_loss,mark>=stop,2024-04-19,2,SPXW  240419P04980000,SPXW  240419P04955000
2024-04-22,09:45:00,4987.45,18.15,4895.0,4870.0,1.8,10,13:00:00,0.9,90.0,900.0,Win,profit_target,mark<=target,2024-04-24,2,SPXW  240424P04895000,SPXW  240424P04870000
2024-04-24,09:45:00,5085.98,15.71,4990.0,4965.0,1.65,10,10:01:00,3.67,-202.0,-2020.0,Loss,stop_loss,mark>=stop,2024-04-26,2,SPXW  240426P04990000,SPXW  240426P04965000
2024-04-29,09:45:00,5107.2,15.23,5015.0,4990.0,1.85,10,16:00:00,0.0,185.0,1850.0,Win,expiry,distance safe,2024-05-01,2,SPXW  240501P05015000,SPXW  240501P04990000
2024-05-01,09:45:00,5025.02,15.98,4920.0,4895.0,2.1,10,14:39:00,1.05,105.0,1050.0,Win,profit_target,mark<=target,2024-05-03,2,SPXW  240503P04920000,SPXW  240503P04895000
2024-05-13,09:45:00,5227.3,13.4,5130.0,5105.0,1.55,10,16:00:00,0.0,155.0,1550.0,Win,expiry,distance safe,2024-05-15,2,SPXW  240515P05130000,SPXW  240515P05105000
2024-06-05,09:45:00,5310.94,13.03,5215.0,5190.0,1.32,10,11:17:00,0.66,66.0,660.0,Win,profit_target,mark<=target,2024-06-07,2,SPXW  240607P05215000,SPXW  240607P05190000
2024-06-10,09:45:00,5334.18,13.21,5235.0,5210.0,1.8,10,11:26:00,0.9,90.0,900.0,Win,profit_target,mark<=target,2024-06-12,2,SPXW  240612P05235000,SPXW  240612P05210000
2024-06-12,09:45:00,5433.6,12.29,5335.0,5310.0,1.25,10,15:02:00,0.62,63.0,630.0,Win,profit_target,mark<=target,2024-06-14,2,SPXW  240614P05335000,SPXW  240614P05310000
2024-07-22,09:45:00,5553.72,15.6,5450.0,5425.0,1.1,10,13:33:00,0.55,55.0,550.0,Win,profit_target,mark<=target,2024-07-24,2,SPXW  240724P05450000,SPXW  240724P05425000
2024-07-24,09:45:00,5496.01,15.88,5395.0,5370.0,1.18,10,11:05:00,2.4,-122.0,-1220.0,Loss,stop_loss,mark>=stop,2024-07-26,2,SPXW  240726P05395000,SPXW  240726P05370000
2024-07-29,09:45:00,5477.32,16.85,5360.0,5335.0,1.95,10,16:00:00,0.0,195.0,1950.0,Win,expiry,distance safe,2024-07-31,2,SPXW  240731P05360000,SPXW  240731P05335000
2024-07-31,09:45:00,5494.71,16.49,5365.0,5340.0,2.1,10,10:31:00,1.05,105.0,1050.0,Win,profit_target,mark<=target,2024-08-02,2,SPXW  240802P05365000,SPXW  240802P05340000
2024-08-07,09:45:00,5314.41,22.41,5165.0,5140.0,2.0,10,12:53:00,4.0,-200.0,-2000.0,Loss,stop_loss,mark>=stop,2024-08-09,2,SPXW  240809P05165000,SPXW  240809P05140000
2024-08-12,09:45:00,5336.0,20.77,5195.0,5170.0,2.05,10,11:13:00,1.02,103.0,1030.0,Win,profit_target,mark<=target,2024-08-14,2,SPXW  240814P05195000,SPXW  240814P05170000
2024-08-14,09:45:00,5429.82,17.58,5310.0,5285.0,2.05,10,11:29:00,1.02,103.0,1030.0,Win,profit_target,mark<=target,2024-08-16,2,SPXW  240816P05310000,SPXW  240816P05285000
2024-08-28,09:45:00,5619.54,15.67,5515.0,5490.0,1.45,10,11:13:00,3.1,-165.0,-1650.0,Loss,stop_loss,mark>=stop,2024-08-30,2,SPXW  240830P05515000,SPXW  240830P05490000
2024-09-04,09:45:00,5524.0,21.44,5385.0,5360.0,1.7,10,10:56:00,0.85,85.0,850.0,Win,profit_target,mark<=target,2024-09-06,2,SPXW  240906P05385000,SPXW  240906P05360000
2024-09-09,09:45:00,5452.66,20.8,5315.0,5290.0,1.7,10,12:20:00,0.85,85.0,850.0,Win,profit_target,mark<=target,2024-09-11,2,SPXW  240911P05315000,SPXW  240911P05290000
2024-09-11,09:45:00,5469.58,19.28,5350.0,5325.0,2.1,10,10:16:00,4.45,-235.0,-2350.0,Loss,stop_loss,mark>=stop,2024-09-13,2,SPXW  240913P05350000,SPXW  240913P05325000
2024-09-16,09:45:00,5615.4,17.46,5500.0,5475.0,2.1,10,15:41:00,1.05,105.0,1050.0,Win,profit_target,mark<=target,2024-09-18,2,SPXW  240918P05500000,SPXW  240918P05475000
2024-09-18,09:45:00,5637.27,18.43,5500.0,5475.0,1.95,10,14:01:00,0.97,98.0,980.0,Win,profit_target,mark<=target,2024-09-20,2,SPXW  240920P05500000,SPXW  240920P05475000
2024-09-30,09:45:00,5731.76,17.13,5625.0,5600.0,1.38,10,15:39:00,0.69,69.0,690.0,Win,profit_target,mark<=target,2024-10-02,2,SPXW  241002P05625000,SPXW  241002P05600000
2024-10-02,09:45:00,5674.18,20.29,5530.0,5505.0,1.95,10,10:19:00,0.97,98.0,980.0,Win,profit_target,mark<=target,2024-10-04,2,SPXW  241004P05530000,SPXW  241004P05505000
2024-10-30,09:45:00,5815.65,20.24,5670.0,5645.0,1.32,10,10:01:00,0.66,66.0,660.0,Win,profit_target,mark<=target,2024-11-01,2,SPXW  241101P05670000,SPXW  241101P05645000
2024-11-04,09:45:00,5726.92,22.47,5545.0,5520.0,2.1,10,16:00:00,0.0,210.0,2100.0,Win,expiry,distance safe,2024-11-06,2,SPXW  241106P05545000,SPXW  241106P05520000
2024-11-06,09:45:00,5893.45,16.17,5775.0,5750.0,1.85,10,13:02:00,0.93,92.0,920.0,Win,profit_target,mark<=target,2024-11-08,2,SPXW  241108P05775000,SPXW  241108P05750000
2024-11-11,09:45:00,6008.9,15.53,5900.0,5875.0,1.07,10,16:00:00,0.0,107.0,1070.0,Win,expiry,distance safe,2024-11-13,2,SPXW  241113P05900000,SPXW  241113P05875000
2024-11-20,09:45:00,5896.4,17.03,5785.0,5760.0,2.05,10,10:21:00,4.25,-220.0,-2200.0,Loss,stop_loss,mark>=stop,2024-11-22,2,SPXW  241122P05785000,SPXW  241122P05760000
2024-12-18,09:45:00,6046.34,15.58,5935.0,5910.0,1.15,10,14:11:00,2.35,-120.0,-1200.0,Loss,stop_loss,mark>=stop,2024-12-20,2,SPXW  241220P05935000,SPXW  241220P05910000
2025-01-06,09:45:00,5995.68,16.07,5885.0,5860.0,1.35,10,10:54:00,0.68,67.0,670.0,Win,profit_target,mark<=target,2025-01-08,2,SPXW  250108P05885000,SPXW  250108P05860000
2025-01-13,09:45:00,5788.79,21.08,5640.0,5615.0,1.8,10,10:47:00,0.9,90.0,900.0,Win,profit_target,mark<=target,2025-01-15,2,SPXW  250115P05640000,SPXW  250115P05615000
2025-01-15,09:45:00,5932.05,16.83,5825.0,5800.0,2.1,10,13:55:00,1.05,105.0,1050.0,Win,profit_target,mark<=target,2025-01-17,2,SPXW  250117P05825000,SPXW  250117P05800000
2025-01-27,09:45:00,5994.91,19.32,5875.0,5850.0,2.05,10,16:00:00,0.0,205.0,2050.0,Win,expiry,distance safe,2025-01-29,2,SPXW  250129P05875000,SPXW  250129P05850000
2025-01-29,09:45:00,6048.08,16.93,5920.0,5895.0,2.0,10,16:00:00,0.0,200.0,2000.0,Win,expiry,distance safe,2025-01-31,2,SPXW  250131P05920000,SPXW  250131P05895000
2025-02-03,09:45:00,5954.66,19.17,5795.0,5770.0,1.32,10,10:11:00,2.8,-148.0,-1480.0,Loss,stop_loss,mark>=stop,2025-02-05,2,SPXW  250205P05795000,SPXW  250205P05770000
2025-02-05,09:45:00,6029.04,16.73,5915.0,5890.0,2.05,10,13:40:00,1.02,103.0,1030.0,Win,profit_target,mark<=target,2025-02-07,2,SPXW  250207P05915000,SPXW  250207P05890000
2025-02-10,09:45:00,6049.13,16.36,5935.0,5910.0,1.95,10,13:04:00,0.97,98.0,980.0,Win,profit_target,mark<=target,2025-02-12,2,SPXW  250212P05935000,SPXW  250212P05910000
2025-02-12,09:45:00,6024.5,16.44,5915.0,5890.0,1.6,10,11:57:00,0.8,80.0,800.0,Win,profit_target,mark<=target,2025-02-14,2,SPXW  250214P05915000,SPXW  250214P05890000
2025-02-24,09:45:00,6023.4,18.33,5910.0,5885.0,1.75,10,10:02:00,3.5,-175.0,-1750.0,Loss,stop_loss,mark>=stop,2025-02-26,2,SPXW  250226P05910000,SPXW  250226P05885000
2025-02-26,09:45:00,5972.08,19.3,5830.0,5805.0,1.95,10,10:20:00,0.97,98.0,980.0,Win,profit_target,mark<=target,2025-02-28,2,SPXW  250228P05830000,SPXW  250228P05805000
2025-03-03,09:45:00,5960.58,19.92,5815.0,5790.0,1.95,10,13:08:00,4.0,-205.0,-2050.0,Loss,stop_loss,mark>=stop,2025-03-05,2,SPXW  250305P05815000,SPXW  250305P05790000
2025-03-05,09:45:00,5797.42,23.78,5605.0,5580.0,2.05,10,14:04:00,1.02,103.0,1030.0,Win,profit_target,mark<=target,2025-03-07,2,SPXW  250307P05605000,SPXW  250307P05580000
2025-03-10,09:45:00,5700.02,26.17,5490.0,5465.0,2.0,10,13:12:00,4.1,-210.0,-2100.0,Loss,stop_loss,mark>=stop,2025-03-12,2,SPXW  250312P05490000,SPXW  250312P05465000
2025-03-12,09:45:00,5613.91,25.72,5425.0,5400.0,2.0,10,14:49:00,1.0,100.0,1000.0,Win,profit_target,mark<=target,2025-03-14,2,SPXW  250314P05425000,SPXW  250314P05400000
2025-03-17,09:45:00,5665.94,21.14,5505.0,5480.0,2.0,10,13:51:00,1.0,100.0,1000.0,Win,profit_target,mark<=target,2025-03-19,2,SPXW  250319P05505000,SPXW  250319P05480000
2025-03-19,09:45:00,5625.3,21.67,5465.0,5440.0,2.0,10,11:43:00,1.0,100.0,1000.0,Win,profit_target,mark<=target,2025-03-21,2,SPXW  250321P05465000,SPXW  250321P05440000
2025-03-24,09:45:00,5745.24,18.71,5630.0,5605.0,2.0,10,11:54:00,1.0,100.0,1000.0,Win,profit_target,mark<=target,2025-03-26,2,SPXW  250326P05630000,SPXW  250326P05605000
2025-03-26,09:45:00,5778.91,17.14,5670.0,5645.0,1.7,10,11:28:00,3.4,-170.0,-1700.0,Loss,stop_loss,mark>=stop,2025-03-28,2,SPXW  250328P05670000,SPXW  250328P05645000
2025-03-31,09:45:00,5493.52,24.65,5325.0,5300.0,2.0,10,10:09:00,1.0,100.0,1000.0,Win,profit_target,mark<=target,2025-04-02,2,SPXW  250402P05325000,SPXW  250402P05300000
2025-04-02,09:45:00,5610.5,22.81,5400.0,5375.0,2.05,10,11:34:00,1.02,103.0,1030.0,Win,profit_target,mark<=target,2025-04-04,2,SPXW  250404P05400000,SPXW  250404P05375000
2025-04-23,09:45:00,5446.43,28.1,5305.0,5280.0,1.57,10,10:12:00,0.79,78.0,780.0,Win,profit_target,mark<=target,2025-04-23,0,SPXW  250423P05305000,SPXW  250423P05280000
2025-04-28,09:45:00,5549.5,24.79,5395.0,5370.0,2.1,10,11:26:00,4.25,-215.0,-2150.0,Loss,stop_loss,mark>=stop,2025-04-30,2,SPXW  250430P05395000,SPXW  250430P05370000
2025-04-30,09:45:00,5453.46,27.81,5245.0,5220.0,2.0,10,10:27:00,1.0,100.0,1000.0,Win,profit_target,mark<=target,2025-05-02,2,SPXW  250502P05245000,SPXW  250502P05220000
2025-05-05,09:45:00,5642.4,24.16,5490.0,5465.0,2.05,10,11:20:00,1.02,103.0,1030.0,Win,profit_target,mark<=target,2025-05-07,2,SPXW  250507P05490000,SPXW  250507P05465000
2025-05-07,09:45:00,5628.09,24.82,5465.0,5440.0,2.0,10,15:44:00,1.0,100.0,1000.0,Win,profit_target,mark<=target,2025-05-09,2,SPXW  250509P05465000,SPXW  250509P05440000
2025-05-12,09:45:00,5803.13,19.2,5685.0,5660.0,2.0,10,13:32:00,1.0,100.0,1000.0,Win,profit_target,mark<=target,2025-05-14,2,SPXW  250514P05685000,SPXW  250514P05660000
2025-05-14,09:45:00,5893.55,18.32,5785.0,5760.0,2.05,10,16:00:00,0.0,205.0,2050.0,Win,expiry,distance safe,2025-05-16,2,SPXW  250516P05785000,SPXW  250516P05760000
2025-05-19,09:45:00,5918.27,18.84,5805.0,5780.0,2.05,10,11:39:00,1.02,103.0,1030.0,Win,profit_target,mark<=target,2025-05-21,2,SPXW  250521P05805000,SPXW  250521P05780000
2025-05-21,09:45:00,5910.77,18.71,5795.0,5770.0,1.95,10,11:54:00,0.97,98.0,980.0,Win,profit_target,mark<=target,2025-05-23,2,SPXW  250523P05795000,SPXW  250523P05770000
2025-06-02,09:45:00,5902.26,18.96,5795.0,5770.0,1.57,10,09:53:00,3.3,-173.0,-1730.0,Loss,stop_loss,mark>=stop,2025-06-04,2,SPXW  250604P05795000,SPXW  250604P05770000
2025-06-04,09:45:00,5984.74,17.67,5875.0,5850.0,2.1,10,16:00:00,0.0,210.0,2100.0,Win,expiry,distance safe,2025-06-06,2,SPXW  250606P05875000,SPXW  250606P05850000
2025-06-09,09:45:00,6001.35,17.38,5890.0,5865.0,1.73,10,14:57:00,0.86,87.0,870.0,Win,profit_target,mark<=target,2025-06-11,2,SPXW  250611P05890000,SPXW  250611P05865000
2025-06-11,09:45:00,6041.91,16.64,5930.0,5905.0,1.4,10,14:16:00,2.8,-140.0,-1400.0,Loss,stop_loss,mark>=stop,2025-06-13,2,SPXW  250613P05930000,SPXW  250613P05905000
2025-06-16,09:45:00,6020.38,19.42,5910.0,5885.0,1.95,10,10:25:00,0.97,98.0,980.0,Win,profit_target,mark<=target,2025-06-18,2,SPXW  250618P05910000,SPXW  250618P05885000
2025-06-18,09:45:00,5988.09,20.61,5835.0,5810.0,1.6,10,11:00:00,0.8,80.0,800.0,Win,profit_target,mark<=target,2025-06-20,2,SPXW  250620P05835000,SPXW  250620P05810000
2025-06-25,09:45:00,6106.48,16.97,5995.0,5970.0,1.05,10,16:00:00,0.0,105.0,1050.0,Win,expiry,distance safe,2025-06-27,2,SPXW  250627P05995000,SPXW  250627P05970000
2025-06-30,09:45:00,6186.49,17.28,6075.0,6050.0,1.0,10,15:14:00,0.5,50.0,500.0,Win,profit_target,mark<=target,2025-07-02,2,SPXW  250702P06075000,SPXW  250702P06050000
2025-07-07,09:45:00,6256.8,17.58,6140.0,6115.0,1.25,10,12:22:00,2.9,-165.0,-1650.0,Loss,stop_loss,mark>=stop,2025-07-09,2,SPXW  250709P06140000,SPXW  250709P06115000
2025-07-14,09:45:00,6240.48,17.37,6125.0,6100.0,1.15,10,11:02:00,0.57,58.0,580.0,Win,profit_target,mark<=target,2025-07-16,2,SPXW  250716P06125000,SPXW  250716P06100000
2025-07-16,09:45:00,6252.76,16.93,6140.0,6115.0,1.15,10,11:20:00,2.75,-160.0,-1600.0,Loss,stop_loss,mark>=stop,2025-07-18,2,SPXW  250718P06140000,SPXW  250718P06115000
2025-07-30,09:45:00,6380.56,15.86,6265.0,6240.0,2.0,10,15:06:00,4.0,-200.0,-2000.0,Loss,stop_loss,mark>=stop,2025-08-01,2,SPXW  250801P06265000,SPXW  250801P06240000
2025-08-04,09:45:00,6297.76,18.16,6180.0,6155.0,1.65,10,11:58:00,0.82,83.0,830.0,Win,profit_target,mark<=target,2025-08-06,2,SPXW  250806P06180000,SPXW  250806P06155000
2025-08-06,09:45:00,6308.82,17.71,6195.0,6170.0,1.6,10,11:18:00,0.8,80.0,800.0,Win,profit_target,mark<=target,2025-08-08,2,SPXW  250808P06195000,SPXW  250808P06170000
2025-08-11,09:45:00,6394.47,15.93,6275.0,6250.0,1.35,10,16:00:00,0.0,135.0,1350.0,Win,expiry,distance safe,2025-08-13,2,SPXW  250813P06275000,SPXW  250813P06250000
2025-08-22,09:45:00,6408.4,16.2,6290.0,6265.0,1.02,10,10:01:00,0.51,51.0,510.0,Win,profit_target,mark<=target,2025-08-22,0,SPXW  250822P06290000,SPXW  250822P06265000
2025-08-27,09:45:00,6467.99,14.84,6350.0,6325.0,1.38,10,16:00:00,0.0,138.0,1380.0,Win,expiry,distance safe,2025-08-29,2,SPXW  250829P06350000,SPXW  250829P06325000
2025-09-03,09:45:00,6442.48,17.03,6325.0,6300.0,1.95,10,16:00:00,0.0,195.0,1950.0,Win,expiry,distance safe,2025-09-05,2,SPXW  250905P06325000,SPXW  250905P06300000
2025-09-17,09:45:00,6605.61,16.14,6485.0,6460.0,2.0,10,15:28:00,1.0,100.0,1000.0,Win,profit_target,mark<=target,2025-09-19,2,SPXW  250919P06485000,SPXW  250919P06460000
2025-10-01,09:45:00,6678.11,16.46,6555.0,6530.0,1.1,10,11:33:00,0.55,55.0,550.0,Win,profit_target,mark<=target,2025-10-03,2,SPXW  251003P06555000,SPXW  251003P06530000
2025-10-13,09:45:00,6634.09,20.28,6465.0,6440.0,1.55,10,12:16:00,0.78,77.0,770.0,Win,profit_target,mark<=target,2025-10-15,2,SPXW  251015P06465000,SPXW  251015P06440000
2025-10-15,09:45:00,6692.99,19.6,6570.0,6545.0,2.0,10,13:09:00,4.4,-240.0,-2400.0,Loss,stop_loss,mark>=stop,2025-10-17,2,SPXW  251017P06570000,SPXW  251017P06545000
2025-10-20,09:45:00,6709.6,19.53,6585.0,6560.0,1.65,10,10:46:00,0.82,83.0,830.0,Win,profit_target,mark<=target,2025-10-22,2,SPXW  251022P06585000,SPXW  251022P06560000
2025-10-22,09:45:00,6740.24,18.48,6615.0,6590.0,1.45,10,11:30:00,2.9,-145.0,-1450.0,Loss,stop_loss,mark>=stop,2025-10-24,2,SPXW  251024P06615000,SPXW  251024P06590000
2025-10-29,09:45:00,6915.77,16.7,6770.0,6745.0,2.05,10,16:00:00,0.0,205.0,2050.0,Win,expiry,distance safe,2025-10-31,2,SPXW  251031P06770000,SPXW  251031P06745000
2025-11-03,09:45:00,6852.89,17.86,6725.0,6700.0,1.4,10,16:00:00,0.0,140.0,1400.0,Win,expiry,distance safe,2025-11-05,2,SPXW  251105P06725000,SPXW  251105P06700000
2025-11-05,09:45:00,6765.75,19.02,6630.0,6605.0,2.05,10,10:06:00,1.02,103.0,1030.0,Win,profit_target,mark<=target,2025-11-07,2,SPXW  251107P06630000,SPXW  251107P06605000
2025-11-10,09:45:00,6808.36,17.95,6685.0,6660.0,1.6,10,13:37:00,0.8,80.0,800.0,Win,profit_target,mark<=target,2025-11-12,2,SPXW  251112P06685000,SPXW  251112P06660000
2025-11-12,09:45:00,6861.54,17.42,6735.0,6710.0,1.12,10,11:12:00,2.25,-113.0,-1130.0,Loss,stop_loss,mark>=stop,2025-11-14,2,SPXW  251114P06735000,SPXW  251114P06710000
2025-11-17,09:45:00,6736.49,20.51,6565.0,6540.0,1.55,10,14:04:00,3.1,-155.0,-1550.0,Loss,stop_loss,mark>=stop,2025-11-19,2,SPXW  251119P06565000,SPXW  251119P06540000
2025-11-24,09:45:00,6643.86,22.37,6475.0,6450.0,1.95,10,10:49:00,0.97,98.0,980.0,Win,profit_target,mark<=target,2025-11-26,2,SPXW  251126P06475000,SPXW  251126P06450000
2025-12-01,09:45:00,6806.53,17.74,6680.0,6655.0,1.55,10,10:56:00,0.78,77.0,770.0,Win,profit_target,mark<=target,2025-12-03,2,SPXW  251203P06680000,SPXW  251203P06655000
2025-12-03,09:45:00,6822.35,16.84,6695.0,6670.0,1.65,10,11:03:00,0.82,83.0,830.0,Win,profit_target,mark<=target,2025-12-05,2,SPXW  251205P06695000,SPXW  251205P06670000
2025-12-08,09:45:00,6871.06,16.41,6745.0,6720.0,1.43,10,16:00:00,0.0,143.0,1430.0,Win,expiry,distance safe,2025-12-10,2,SPXW  251210P06745000,SPXW  251210P06720000
2025-12-10,09:45:00,6838.65,17.38,6700.0,6675.0,2.0,10,14:34:00,1.0,100.0,1000.0,Win,profit_target,mark<=target,2025-12-12,2,SPXW  251212P06700000,SPXW  251212P06675000
2025-12-15,09:45:00,6844.19,16.31,6720.0,6695.0,1.6,10,10:25:00,3.3,-170.0,-1700.0,Loss,stop_loss,mark>=stop,2025-12-17,2,SPXW  251217P06720000,SPXW  251217P06695000
2025-12-17,09:45:00,6793.83,16.64,6670.0,6645.0,2.0,10,10:56:00,4.0,-200.0,-2000.0,Loss,stop_loss,mark>=stop,2025-12-19,2,SPXW  251219P06670000,SPXW  251219P06645000
2026-01-12,09:45:00,6953.11,15.53,6825.0,6800.0,1.05,10,11:15:00,0.53,52.0,520.0,Win,profit_target,mark<=target,2026-01-14,2,SPXW  260114P06825000,SPXW  260114P06800000
2026-01-14,09:45:00,6919.79,17.63,6795.0,6770.0,1.9,10,15:08:00,0.95,95.0,950.0,Win,profit_target,mark<=target,2026-01-16,2,SPXW  260116P06795000,SPXW  260116P06770000
2026-01-21,09:45:00,6823.5,18.79,6690.0,6665.0,2.0,10,10:17:00,1.0,100.0,1000.0,Win,profit_target,mark<=target,2026-01-23,2,SPXW  260123P06690000,SPXW  260123P06665000
2026-01-26,09:45:00,6945.5,16.09,6820.0,6795.0,1.2,10,14:30:00,0.6,60.0,600.0,Win,profit_target,mark<=target,2026-01-28,2,SPXW  260128P06820000,SPXW  260128P06795000
2026-01-28,09:45:00,7000.48,16.47,6870.0,6845.0,1.7,10,16:00:00,0.0,170.0,1700.0,Win,expiry,distance safe,2026-01-30,2,SPXW  260130P06870000,SPXW  260130P06845000
2026-02-02,09:45:00,6948.28,17.47,6820.0,6795.0,1.65,10,10:20:00,0.82,83.0,830.0,Win,profit_target,mark<=target,2026-02-04,2,SPXW  260204P06820000,SPXW  260204P06795000
2026-02-04,09:45:00,6929.02,17.96,6780.0,6755.0,2.05,10,11:45:00,4.1,-205.0,-2050.0,Loss,stop_loss,mark>=stop,2026-02-06,2,SPXW  260206P06780000,SPXW  260206P06755000
2026-02-09,09:45:00,6934.58,18.07,6800.0,6775.0,1.95,10,10:57:00,0.97,98.0,980.0,Win,profit_target,mark<=target,2026-02-11,2,SPXW  260211P06800000,SPXW  260211P06775000
2026-02-11,09:45:00,6975.92,17.1,6850.0,6825.0,1.65,10,10:12:00,3.35,-170.0,-1700.0,Loss,stop_loss,mark>=stop,2026-02-13,2,SPXW  260213P06850000,SPXW  260213P06825000
2026-02-23,09:45:00,6892.83,20.02,6720.0,6695.0,1.45,10,10:59:00,2.9,-145.0,-1450.0,Loss,stop_loss,mark>=stop,2026-02-25,2,SPXW  260225P06720000,SPXW  260225P06695000
2026-02-25,09:45:00,6926.12,18.77,6780.0,6755.0,2.0,10,16:00:00,0.0,200.0,2000.0,Win,expiry,distance safe,2026-02-27,2,SPXW  260227P06780000,SPXW  260227P06755000
2026-03-02,09:45:00,6835.28,22.08,6660.0,6635.0,2.1,10,11:08:00,1.05,105.0,1050.0,Win,profit_target,mark<=target,2026-03-04,2,SPXW  260304P06660000,SPXW  260304P06635000
2026-03-04,09:45:00,6816.58,23.02,6625.0,6600.0,2.0,10,10:19:00,1.0,100.0,1000.0,Win,profit_target,mark<=target,2026-03-06,2,SPXW  260306P06625000,SPXW  260306P06600000
2026-03-11,09:45:00,6785.76,24.92,6595.0,6570.0,2.0,10,16:00:00,0.0,200.0,2000.0,Win,expiry,distance safe,2026-03-13,2,SPXW  260313P06595000,SPXW  260313P06570000
2026-03-16,09:45:00,6705.54,24.44,6520.0,6495.0,2.0,10,16:00:00,0.0,200.0,2000.0,Win,expiry,distance safe,2026-03-18,2,SPXW  260318P06520000,SPXW  260318P06495000
2026-03-18,09:45:00,6696.17,23.06,6515.0,6490.0,2.0,10,15:46:00,4.55,-255.0,-2550.0,Loss,stop_loss,mark>=stop,2026-03-20,2,SPXW  260320P06515000,SPXW  260320P06490000
2026-03-23,09:45:00,6606.55,24.64,6410.0,6385.0,2.0,10,11:03:00,1.0,100.0,1000.0,Win,profit_target,mark<=target,2026-03-25,2,SPXW  260325P06410000,SPXW  260325P06385000
2026-03-25,09:45:00,6614.82,25.46,6435.0,6410.0,2.0,10,16:00:00,0.0,200.0,2000.0,Win,expiry,distance safe,2026-03-27,2,SPXW  260327P06435000,SPXW  260327P06410000
2026-04-06,09:45:00,6592.07,24.82,6405.0,6380.0,2.05,10,16:00:00,0.0,205.0,2050.0,Win,expiry,distance safe,2026-04-08,2,SPXW  260408P06405000,SPXW  260408P06380000
2026-04-13,09:45:00,6793.04,20.69,6620.0,6595.0,1.25,10,10:32:00,0.62,63.0,630.0,Win,profit_target,mark<=target,2026-04-15,2,SPXW  260415P06620000,SPXW  260415P06595000
2026-04-15,09:45:00,6967.13,17.76,6840.0,6815.0,1.55,10,11:17:00,0.78,77.0,770.0,Win,profit_target,mark<=target,2026-04-17,2,SPXW  260417P06840000,SPXW  260417P06815000
2026-04-20,09:45:00,7111.34,18.92,6980.0,6955.0,2.05,10,16:00:00,0.0,205.0,2050.0,Win,expiry,distance safe,2026-04-22,2,SPXW  260422P06980000,SPXW  260422P06955000
2026-04-22,09:45:00,7110.89,19.11,6980.0,6955.0,1.9,10,15:21:00,0.95,95.0,950.0,Win,profit_target,mark<=target,2026-04-24,2,SPXW  260424P06980000,SPXW  260424P06955000
2026-04-27,09:45:00,7160.25,19.1,7030.0,7005.0,1.85,10,15:29:00,0.93,92.0,920.0,Win,profit_target,mark<=target,2026-04-29,2,SPXW  260429P07030000,SPXW  260429P07005000
2013-05-29,09:45:00,1647.35,15.24,1615.0,1590.0,1.08,10,14:16:00,0.54,54.0,540.0,Win,profit_target,mark<=target,2013-05-31,2,SPXW  130531P01615000,SPXW  130531P01590000
2013-06-05,09:45:00,1628.46,16.67,1595.0,1570.0,1.43,10,11:04:00,2.92,-149.0,-1490.0,Loss,stop_loss,mark>=stop,2013-06-07,2,SPXW  130607P01595000,SPXW  130607P01570000
2013-06-12,09:45:00,1634.23,16.61,1600.0,1575.0,1.12,10,10:58:00,2.33,-121.0,-1210.0,Loss,stop_loss,mark>=stop,2013-06-14,2,SPXW  130614P01600000,SPXW  130614P01575000
2013-07-03,09:45:00,1608.55,16.93,1575.0,1550.0,1.02,10,11:54:00,0.51,51.0,510.0,Win,profit_target,mark<=target,2013-07-05,2,SPXW  130705P01575000,SPXW  130705P01550000
2013-07-31,09:45:00,1690.58,13.47,1660.0,1635.0,1.17,10,14:53:00,0.58,59.0,590.0,Win,profit_target,mark<=target,2013-08-02,2,SPXW  130802P01660000,SPXW  130802P01635000
2013-12-04,09:45:00,1788.63,14.95,1755.0,1730.0,1.0,10,10:13:00,0.5,50.0,500.0,Win,profit_target,mark<=target,2013-12-06,2,SPXW  131206P01755000,SPXW  131206P01730000
2014-01-29,09:45:00,1782.22,17.42,1745.0,1720.0,1.8,10,15:45:00,1.6,20.0,200.0,Win,eod_force_close,within 50pt,2014-01-31,2,SPXW  140131P01745000,SPXW  140131P01720000
2014-02-05,09:45:00,1749.34,19.41,1710.0,1685.0,1.85,10,15:45:00,1.3,55.0,550.0,Win,eod_force_close,within 50pt,2014-02-07,2,SPXW  140207P01710000,SPXW  140207P01685000
2014-04-09,09:45:00,1855.04,14.69,1820.0,1795.0,1.03,10,12:24:00,0.52,51.0,510.0,Win,profit_target,mark<=target,2014-04-11,2,SPXW  140411P01820000,SPXW  140411P01795000
2014-04-30,09:45:00,1875.35,14.03,1840.0,1815.0,1.15,10,14:19:00,0.57,58.0,580.0,Win,profit_target,mark<=target,2014-05-02,2,SPXW  140502P01840000,SPXW  140502P01815000
2014-08-06,09:45:00,1917.19,16.61,1880.0,1855.0,1.33,10,11:00:00,0.67,66.0,660.0,Win,profit_target,mark<=target,2014-08-08,2,SPXW  140808P01880000,SPXW  140808P01855000
2014-10-01,09:45:00,1960.36,17.05,1925.0,1900.0,1.95,10,15:11:00,3.98,-203.0,-2030.0,Loss,stop_loss,mark>=stop,2014-10-03,2,SPXW  141003P01925000,SPXW  141003P01900000
2014-10-08,09:45:00,1939.61,16.96,1900.0,1875.0,1.25,10,11:01:00,2.5,-125.0,-1250.0,Loss,stop_loss,mark>=stop,2014-10-10,2,SPXW  141010P01900000,SPXW  141010P01875000
2014-10-22,09:45:00,1942.96,16.25,1905.0,1880.0,1.35,10,15:45:00,2.58,-123.0,-1230.0,Loss,eod_force_close,within 50pt,2014-10-24,2,SPXW  141024P01905000,SPXW  141024P01880000
2014-10-29,09:45:00,1989.23,14.34,1950.0,1925.0,1.0,10,13:37:00,2.05,-105.0,-1050.0,Loss,stop_loss,mark>=stop,2014-10-31,2,SPXW  141031P01950000,SPXW  141031P01925000
2014-11-05,09:45:00,2018.4,14.64,1980.0,1955.0,1.1,10,13:15:00,0.55,55.0,550.0,Win,profit_target,mark<=target,2014-11-07,2,SPXW  141107P01980000,SPXW  141107P01955000
2014-12-10,09:45:00,2051.07,15.74,2010.0,1985.0,1.0,10,13:50:00,2.2,-120.0,-1200.0,Loss,stop_loss,mark>=stop,2014-12-12,2,SPXW  141212P02010000,SPXW  141212P01985000
2015-01-07,09:45:00,2019.63,19.62,1980.0,1955.0,1.85,10,15:45:00,1.4,45.0,450.0,Win,eod_force_close,within 50pt,2015-01-09,2,SPXW  150109P01980000,SPXW  150109P01955000
2015-01-21,09:45:00,2024.09,20.35,1970.0,1945.0,1.75,10,10:51:00,0.88,87.0,870.0,Win,profit_target,mark<=target,2015-01-23,2,SPXW  150123P01970000,SPXW  150123P01945000
2015-01-28,09:45:00,2038.91,17.18,2000.0,1975.0,1.88,10,10:58:00,3.77,-189.0,-1890.0,Loss,stop_loss,mark>=stop,2015-01-30,2,SPXW  150130P02000000,SPXW  150130P01975000
2015-02-04,09:45:00,2041.78,17.71,2005.0,1980.0,1.8,10,11:31:00,0.9,90.0,900.0,Win,profit_target,mark<=target,2015-02-06,2,SPXW  150206P02005000,SPXW  150206P01980000
2015-02-11,09:45:00,2066.35,17.36,2025.0,2000.0,1.25,10,15:24:00,0.62,63.0,630.0,Win,profit_target,mark<=target,2015-02-13,2,SPXW  150213P02025000,SPXW  150213P02000000
2015-03-11,09:45:00,2049.64,16.43,2010.0,1985.0,1.45,10,15:45:00,1.58,-13.0,-130.0,Loss,eod_force_close,within 50pt,2015-03-13,2,SPXW  150313P02010000,SPXW  150313P01985000
